census_tract_id,census_tract_label,total_crimes,crime_vehicle___stolen,crime_battery___simple_ass,crime_burglary_from_vehicl,crime_theft_of_identity,crime_vandalism___felony_(,crime_burglary,crime_theft_plain___petty_,crime_assault_with_deadly_,crime_intimate_partner___s,crime_theft_from_motor_veh
101110.0,1011.1,640,69.0,53.0,38.0,64.0,34.0,54.0,29.0,18.0,32.0,32.0
101122.0,1011.22,256,23.0,13.0,14.0,37.0,13.0,20.0,20.0,6.0,15.0,18.0
101220.0,1012.2,505,62.0,29.0,20.0,51.0,45.0,32.0,30.0,24.0,24.0,17.0
101221.0,1012.21,365,69.0,35.0,24.0,38.0,18.0,27.0,16.0,10.0,18.0,19.0
101222.0,1012.22,487,57.0,45.0,37.0,43.0,33.0,24.0,31.0,13.0,48.0,20.0
101300.0,1013.0,606,47.0,36.0,30.0,43.0,26.0,126.0,39.0,17.0,10.0,21.0
101400.0,1014.0,494,59.0,23.0,42.0,39.0,36.0,64.0,18.0,21.0,13.0,29.0
102103.0,1021.03,405,57.0,19.0,33.0,40.0,23.0,44.0,20.0,19.0,7.0,33.0
102104.0,1021.04,319,38.0,18.0,9.0,36.0,18.0,29.0,17.0,14.0,7.0,20.0
102105.0,1021.05,215,41.0,18.0,15.0,23.0,12.0,11.0,7.0,4.0,9.0,16.0
102107.0,1021.07,487,74.0,31.0,48.0,51.0,22.0,33.0,17.0,15.0,18.0,18.0
103101.0,1031.01,225,25.0,8.0,20.0,27.0,12.0,13.0,10.0,12.0,6.0,15.0
103102.0,1031.02,755,85.0,52.0,23.0,52.0,59.0,86.0,33.0,39.0,28.0,27.0
103201.0,1032.01,535,67.0,37.0,34.0,54.0,32.0,52.0,27.0,19.0,22.0,26.0
103202.0,1032.02,435,55.0,38.0,29.0,38.0,25.0,28.0,16.0,25.0,23.0,22.0
103300.0,1033.0,465,53.0,19.0,25.0,35.0,24.0,55.0,25.0,14.0,22.0,21.0
103401.0,1034.01,484,74.0,22.0,45.0,38.0,24.0,53.0,28.0,5.0,24.0,41.0
103402.0,1034.02,361,58.0,19.0,25.0,37.0,23.0,17.0,23.0,7.0,11.0,24.0
104103.0,1041.03,382,64.0,32.0,12.0,39.0,21.0,11.0,13.0,16.0,35.0,24.0
104105.0,1041.05,589,67.0,36.0,37.0,79.0,37.0,14.0,26.0,52.0,44.0,29.0
104108.0,1041.08,947,143.0,83.0,59.0,66.0,58.0,37.0,30.0,62.0,71.0,49.0
104124.0,1041.24,429,63.0,36.0,21.0,42.0,26.0,22.0,13.0,27.0,24.0,23.0
104201.0,1042.01,627,75.0,58.0,10.0,54.0,52.0,22.0,17.0,40.0,44.0,24.0
104203.0,1042.03,599,93.0,55.0,23.0,32.0,38.0,13.0,22.0,46.0,43.0,23.0
104204.0,1042.04,738,79.0,44.0,32.0,45.0,38.0,37.0,39.0,45.0,41.0,34.0
104310.0,1043.1,665,101.0,58.0,12.0,50.0,35.0,15.0,15.0,47.0,51.0,28.0
104321.0,1043.21,451,52.0,41.0,15.0,53.0,33.0,5.0,12.0,33.0,42.0,21.0
104322.0,1043.22,937,108.0,54.0,37.0,37.0,50.0,31.0,50.0,55.0,54.0,46.0
104401.0,1044.01,667,87.0,56.0,16.0,40.0,47.0,19.0,18.0,51.0,52.0,27.0
104403.0,1044.03,385,50.0,36.0,5.0,14.0,32.0,4.0,12.0,27.0,31.0,16.0
104404.0,1044.04,526,56.0,46.0,20.0,31.0,35.0,27.0,10.0,40.0,34.0,15.0
104500.0,1045.0,527,50.0,47.0,13.0,28.0,42.0,25.0,18.0,40.0,32.0,21.0
104610.0,1046.1,485,76.0,43.0,17.0,40.0,20.0,11.0,17.0,20.0,50.0,29.0
104620.0,1046.2,410,75.0,30.0,8.0,31.0,25.0,5.0,13.0,32.0,35.0,22.0
104701.0,1047.01,688,64.0,58.0,13.0,121.0,43.0,15.0,15.0,52.0,54.0,23.0
104703.0,1047.03,643,121.0,47.0,33.0,35.0,31.0,59.0,15.0,40.0,46.0,30.0
104704.0,1047.04,608,74.0,47.0,30.0,65.0,39.0,20.0,13.0,24.0,38.0,25.0
104821.0,1048.21,891,97.0,43.0,28.0,48.0,34.0,14.0,52.0,43.0,42.0,50.0
104822.0,1048.22,390,50.0,35.0,11.0,13.0,21.0,37.0,9.0,17.0,20.0,31.0
104823.0,1048.23,221,44.0,22.0,11.0,27.0,12.0,7.0,4.0,7.0,15.0,12.0
104824.0,1048.24,523,65.0,34.0,20.0,19.0,33.0,16.0,16.0,28.0,40.0,31.0
106010.0,1060.1,508,68.0,30.0,18.0,57.0,32.0,19.0,22.0,15.0,32.0,35.0
106020.0,1060.2,759,85.0,39.0,22.0,69.0,40.0,26.0,18.0,28.0,61.0,47.0
106111.0,1061.11,333,28.0,17.0,15.0,30.0,24.0,12.0,14.0,11.0,25.0,25.0
106112.0,1061.12,796,111.0,43.0,33.0,67.0,61.0,55.0,34.0,22.0,39.0,44.0
106113.0,1061.13,515,70.0,29.0,18.0,43.0,54.0,28.0,21.0,22.0,25.0,30.0
106114.0,1061.14,1194,152.0,95.0,58.0,80.0,71.0,59.0,35.0,61.0,74.0,64.0
106403.0,1064.03,792,115.0,50.0,34.0,45.0,53.0,34.0,39.0,53.0,61.0,27.0
106405.0,1064.05,429,71.0,32.0,26.0,28.0,32.0,9.0,12.0,27.0,24.0,16.0
106406.0,1064.06,603,86.0,23.0,24.0,51.0,29.0,31.0,16.0,34.0,46.0,41.0
106407.0,1064.07,395,53.0,46.0,20.0,29.0,28.0,12.0,20.0,21.0,21.0,25.0
106408.0,1064.08,227,42.0,10.0,13.0,16.0,12.0,6.0,3.0,11.0,24.0,16.0
106510.0,1065.1,911,171.0,39.0,75.0,69.0,46.0,39.0,36.0,19.0,40.0,54.0
106520.0,1065.2,804,122.0,40.0,26.0,73.0,47.0,30.0,26.0,41.0,67.0,43.0
106603.0,1066.03,324,23.0,12.0,52.0,39.0,8.0,46.0,13.0,10.0,13.0,11.0
106604.0,1066.04,1035,181.0,67.0,43.0,78.0,55.0,36.0,30.0,60.0,83.0,67.0
106641.0,1066.41,234,11.0,11.0,12.0,35.0,9.0,57.0,10.0,4.0,5.0,12.0
106642.0,1066.42,390,43.0,24.0,21.0,25.0,16.0,59.0,16.0,9.0,9.0,21.0
106643.0,1066.43,449,30.0,23.0,29.0,66.0,13.0,103.0,12.0,8.0,8.0,17.0
106645.0,1066.45,387,42.0,9.0,23.0,55.0,9.0,68.0,16.0,3.0,18.0,23.0
106646.0,1066.46,533,52.0,54.0,33.0,39.0,19.0,44.0,22.0,18.0,21.0,42.0
106648.0,1066.48,780,114.0,44.0,29.0,62.0,38.0,25.0,27.0,27.0,65.0,49.0
106649.0,1066.49,320,52.0,8.0,27.0,28.0,17.0,13.0,17.0,7.0,9.0,23.0
107010.0,1070.1,358,48.0,28.0,12.0,29.0,15.0,16.0,12.0,14.0,29.0,12.0
107020.0,1070.2,637,107.0,42.0,21.0,53.0,40.0,9.0,20.0,30.0,39.0,26.0
108101.0,1081.01,224,19.0,5.0,16.0,23.0,4.0,44.0,8.0,4.0,11.0,10.0
108102.0,1081.02,420,25.0,17.0,40.0,55.0,15.0,84.0,10.0,4.0,15.0,29.0
108103.0,1081.03,305,18.0,8.0,18.0,40.0,9.0,74.0,12.0,5.0,12.0,18.0
108104.0,1081.04,129,8.0,3.0,9.0,13.0,11.0,29.0,5.0,3.0,6.0,4.0
108202.0,1082.02,810,36.0,43.0,37.0,121.0,27.0,82.0,61.0,9.0,56.0,27.0
108203.0,1082.03,89,1.0,6.0,0.0,22.0,4.0,9.0,7.0,1.0,4.0,2.0
108204.0,1082.04,545,21.0,34.0,51.0,35.0,14.0,36.0,54.0,12.0,14.0,17.0
109100.0,1091.0,812,78.0,90.0,41.0,37.0,35.0,82.0,28.0,26.0,45.0,41.0
109200.0,1092.0,529,78.0,22.0,52.0,42.0,37.0,33.0,26.0,6.0,38.0,37.0
109300.0,1093.0,329,49.0,25.0,19.0,39.0,18.0,12.0,13.0,17.0,19.0,21.0
109400.0,1094.0,364,37.0,25.0,15.0,39.0,27.0,20.0,8.0,19.0,19.0,21.0
109500.0,1095.0,733,108.0,37.0,9.0,57.0,51.0,71.0,27.0,47.0,47.0,31.0
109601.0,1096.01,670,114.0,29.0,39.0,75.0,30.0,30.0,26.0,29.0,31.0,50.0
109603.0,1096.03,638,104.0,30.0,37.0,51.0,49.0,28.0,17.0,14.0,37.0,55.0
109604.0,1096.04,1089,93.0,45.0,47.0,40.0,49.0,35.0,71.0,42.0,40.0,41.0
109700.0,1097.0,649,70.0,46.0,48.0,60.0,32.0,46.0,29.0,15.0,18.0,56.0
109800.0,1098.0,639,96.0,32.0,49.0,51.0,22.0,34.0,20.0,9.0,40.0,55.0
111100.0,1111.0,524,72.0,27.0,32.0,47.0,32.0,27.0,27.0,22.0,24.0,41.0
111201.0,1112.01,1060,62.0,43.0,35.0,53.0,21.0,42.0,60.0,12.0,22.0,34.0
111202.0,1112.02,1082,99.0,77.0,55.0,87.0,51.0,87.0,71.0,27.0,38.0,53.0
111204.0,1112.04,492,25.0,27.0,35.0,71.0,11.0,88.0,17.0,17.0,23.0,18.0
111205.0,1112.05,530,28.0,32.0,25.0,62.0,21.0,19.0,27.0,15.0,36.0,31.0
111206.0,1112.06,755,67.0,46.0,52.0,55.0,40.0,90.0,49.0,18.0,29.0,41.0
111302.0,1113.02,791,88.0,38.0,67.0,89.0,43.0,49.0,35.0,22.0,50.0,45.0
111303.0,1113.03,767,83.0,56.0,46.0,67.0,41.0,50.0,40.0,17.0,42.0,51.0
111304.0,1113.04,461,46.0,31.0,42.0,28.0,28.0,12.0,29.0,6.0,13.0,37.0
111401.0,1114.01,452,25.0,39.0,23.0,37.0,26.0,54.0,28.0,30.0,11.0,21.0
111402.0,1114.02,905,122.0,44.0,65.0,84.0,50.0,26.0,44.0,28.0,63.0,86.0
113101.0,1131.01,711,41.0,49.0,35.0,56.0,47.0,85.0,33.0,23.0,21.0,30.0
113102.0,1131.02,447,30.0,32.0,10.0,30.0,18.0,81.0,27.0,15.0,14.0,22.0
113211.0,1132.11,461,39.0,36.0,34.0,65.0,30.0,41.0,24.0,14.0,20.0,25.0
113212.0,1132.12,516,28.0,58.0,25.0,49.0,37.0,39.0,29.0,21.0,14.0,30.0
113213.0,1132.13,921,81.0,94.0,46.0,81.0,77.0,58.0,42.0,29.0,46.0,45.0
113231.0,1132.31,211,15.0,10.0,10.0,27.0,10.0,21.0,9.0,6.0,10.0,12.0
113232.0,1132.32,775,60.0,40.0,45.0,69.0,29.0,40.0,40.0,29.0,49.0,36.0
113234.0,1132.34,947,97.0,90.0,41.0,79.0,49.0,38.0,36.0,45.0,72.0,37.0
113237.0,1132.37,965,67.0,59.0,49.0,128.0,69.0,171.0,28.0,33.0,28.0,42.0
113238.0,1132.38,748,79.0,58.0,31.0,81.0,44.0,23.0,26.0,41.0,69.0,42.0
113239.0,1132.39,304,39.0,20.0,13.0,21.0,17.0,21.0,10.0,12.0,30.0,20.0
113301.0,1133.01,3216,180.0,172.0,224.0,97.0,148.0,242.0,183.0,87.0,76.0,124.0
113303.0,1133.03,1285,120.0,107.0,63.0,76.0,92.0,143.0,55.0,46.0,47.0,57.0
113322.0,1133.22,661,44.0,47.0,36.0,72.0,18.0,68.0,23.0,20.0,24.0,35.0
113323.0,1133.23,1181,149.0,76.0,69.0,84.0,80.0,53.0,43.0,58.0,72.0,70.0
113324.0,1133.24,95,17.0,6.0,12.0,8.0,5.0,4.0,3.0,2.0,5.0,8.0
113423.0,1134.23,425,65.0,42.0,21.0,34.0,20.0,22.0,9.0,32.0,17.0,32.0
113424.0,1134.24,1425,126.0,79.0,83.0,88.0,76.0,77.0,79.0,74.0,59.0,61.0
113425.0,1134.25,221,23.0,17.0,4.0,21.0,12.0,3.0,15.0,15.0,35.0,17.0
113426.0,1134.26,1016,104.0,61.0,53.0,92.0,73.0,97.0,43.0,51.0,71.0,34.0
113427.0,1134.27,592,64.0,40.0,33.0,55.0,34.0,18.0,27.0,15.0,82.0,35.0
113428.0,1134.28,616,81.0,62.0,35.0,52.0,30.0,37.0,24.0,16.0,27.0,35.0
115101.0,1151.01,1165,74.0,59.0,57.0,75.0,26.0,89.0,57.0,30.0,26.0,51.0
115103.0,1151.03,452,37.0,26.0,50.0,40.0,21.0,19.0,23.0,13.0,30.0,24.0
115104.0,1151.04,613,74.0,50.0,41.0,46.0,19.0,53.0,29.0,17.0,42.0,35.0
115202.0,1152.02,1337,140.0,102.0,76.0,123.0,85.0,130.0,56.0,43.0,73.0,86.0
115203.0,1152.03,759,68.0,40.0,75.0,79.0,47.0,58.0,44.0,21.0,54.0,41.0
115204.0,1152.04,277,32.0,22.0,17.0,23.0,15.0,19.0,13.0,12.0,18.0,16.0
115301.0,1153.01,576,59.0,71.0,47.0,78.0,28.0,29.0,21.0,13.0,17.0,17.0
115302.0,1153.02,964,87.0,99.0,34.0,78.0,63.0,66.0,31.0,59.0,52.0,42.0
115401.0,1154.01,1054,145.0,71.0,61.0,77.0,51.0,82.0,39.0,51.0,77.0,69.0
115403.0,1154.03,518,66.0,50.0,31.0,25.0,24.0,29.0,23.0,14.0,33.0,29.0
115404.0,1154.04,1130,139.0,88.0,40.0,95.0,63.0,95.0,50.0,58.0,55.0,53.0
117101.0,1171.01,512,140.0,14.0,38.0,55.0,33.0,12.0,17.0,6.0,11.0,31.0
117102.0,1171.02,424,63.0,29.0,21.0,36.0,28.0,16.0,12.0,25.0,14.0,27.0
117201.0,1172.01,1124,168.0,71.0,52.0,95.0,69.0,33.0,44.0,43.0,106.0,72.0
117202.0,1172.02,525,73.0,39.0,30.0,53.0,31.0,32.0,14.0,21.0,14.0,47.0
117301.0,1173.01,501,76.0,27.0,39.0,48.0,13.0,37.0,17.0,4.0,28.0,39.0
117302.0,1173.02,1062,95.0,68.0,83.0,104.0,56.0,79.0,60.0,44.0,41.0,66.0
117303.0,1173.03,682,85.0,40.0,28.0,49.0,36.0,58.0,44.0,22.0,28.0,46.0
117404.0,1174.04,1001,175.0,51.0,49.0,57.0,47.0,66.0,45.0,35.0,55.0,72.0
117405.0,1174.05,366,42.0,25.0,23.0,39.0,17.0,10.0,15.0,22.0,46.0,10.0
117407.0,1174.07,615,77.0,53.0,29.0,41.0,30.0,14.0,22.0,45.0,53.0,23.0
117408.0,1174.08,862,150.0,67.0,47.0,55.0,51.0,18.0,18.0,38.0,66.0,53.0
117510.0,1175.1,968,129.0,66.0,27.0,78.0,40.0,24.0,37.0,45.0,67.0,37.0
117520.0,1175.2,789,129.0,67.0,27.0,65.0,40.0,26.0,14.0,66.0,66.0,36.0
117530.0,1175.3,1021,169.0,81.0,34.0,101.0,40.0,32.0,34.0,65.0,78.0,50.0
119001.0,1190.01,380,72.0,22.0,10.0,43.0,12.0,12.0,21.0,23.0,23.0,27.0
119003.0,1190.03,443,81.0,33.0,13.0,41.0,30.0,18.0,9.0,23.0,26.0,20.0
119004.0,1190.04,465,61.0,35.0,15.0,37.0,39.0,26.0,12.0,29.0,32.0,22.0
119201.0,1192.01,568,84.0,41.0,28.0,42.0,28.0,22.0,37.0,19.0,29.0,38.0
119202.0,1192.02,551,108.0,29.0,34.0,51.0,35.0,11.0,17.0,34.0,33.0,32.0
119310.0,1193.1,772,168.0,50.0,23.0,61.0,40.0,21.0,42.0,43.0,60.0,36.0
119320.0,1193.2,422,118.0,16.0,14.0,32.0,16.0,10.0,15.0,23.0,41.0,24.0
119340.0,1193.4,512,82.0,35.0,8.0,56.0,15.0,9.0,17.0,41.0,57.0,19.0
119341.0,1193.41,593,139.0,35.0,33.0,57.0,30.0,21.0,22.0,20.0,25.0,38.0
119342.0,1193.42,271,65.0,10.0,16.0,30.0,12.0,4.0,7.0,7.0,19.0,17.0
119400.0,1194.0,479,100.0,27.0,22.0,32.0,29.0,14.0,13.0,27.0,27.0,32.0
119700.0,1197.0,831,141.0,46.0,69.0,72.0,43.0,36.0,37.0,26.0,36.0,67.0
119801.0,1198.01,291,47.0,13.0,14.0,24.0,17.0,13.0,7.0,7.0,18.0,15.0
119802.0,1198.02,388,65.0,19.0,17.0,30.0,20.0,15.0,11.0,34.0,19.0,30.0
119900.0,1199.0,580,117.0,31.0,35.0,42.0,39.0,15.0,27.0,23.0,36.0,28.0
120010.0,1200.1,548,94.0,35.0,21.0,24.0,32.0,20.0,23.0,42.0,23.0,24.0
120020.0,1200.2,1010,132.0,78.0,50.0,64.0,54.0,37.0,48.0,58.0,70.0,43.0
120030.0,1200.3,693,70.0,36.0,25.0,43.0,45.0,49.0,22.0,56.0,43.0,35.0
120103.0,1201.03,529,66.0,52.0,20.0,29.0,39.0,11.0,25.0,52.0,61.0,13.0
120104.0,1201.04,880,62.0,82.0,29.0,32.0,45.0,18.0,51.0,43.0,44.0,23.0
120105.0,1201.05,1300,186.0,84.0,46.0,71.0,81.0,46.0,42.0,83.0,60.0,37.0
120106.0,1201.06,764,75.0,101.0,30.0,43.0,48.0,48.0,20.0,46.0,66.0,32.0
120107.0,1201.07,679,89.0,57.0,29.0,67.0,45.0,16.0,10.0,42.0,76.0,30.0
120108.0,1201.08,537,81.0,34.0,19.0,76.0,26.0,17.0,22.0,27.0,36.0,29.0
120300.0,1203.0,1229,133.0,44.0,80.0,88.0,72.0,39.0,51.0,35.0,36.0,43.0
120400.0,1204.0,934,149.0,60.0,68.0,73.0,66.0,45.0,50.0,38.0,32.0,53.0
121010.0,1210.1,1179,142.0,87.0,38.0,58.0,75.0,88.0,71.0,62.0,47.0,57.0
121020.0,1210.2,630,99.0,37.0,26.0,44.0,30.0,59.0,32.0,26.0,58.0,35.0
121101.0,1211.01,490,68.0,31.0,30.0,42.0,37.0,32.0,26.0,23.0,26.0,29.0
121102.0,1211.02,1672,287.0,88.0,87.0,139.0,118.0,169.0,63.0,75.0,50.0,97.0
121210.0,1212.1,886,126.0,67.0,34.0,83.0,63.0,57.0,26.0,38.0,51.0,50.0
121221.0,1212.21,280,60.0,15.0,7.0,26.0,13.0,12.0,7.0,1.0,17.0,39.0
121222.0,1212.22,902,149.0,69.0,41.0,64.0,53.0,40.0,22.0,63.0,40.0,51.0
121600.0,1216.0,437,40.0,19.0,22.0,47.0,36.0,48.0,17.0,28.0,19.0,23.0
121801.0,1218.01,638,116.0,45.0,34.0,53.0,33.0,24.0,26.0,39.0,38.0,50.0
121802.0,1218.02,1332,152.0,147.0,45.0,109.0,76.0,67.0,71.0,87.0,66.0,58.0
121900.0,1219.0,690,132.0,44.0,22.0,36.0,38.0,42.0,42.0,28.0,31.0,34.0
122000.0,1220.0,1542,201.0,107.0,68.0,122.0,106.0,204.0,63.0,85.0,56.0,51.0
122120.0,1221.2,486,78.0,44.0,15.0,50.0,22.0,10.0,12.0,19.0,26.0,27.0
122121.0,1221.21,379,57.0,33.0,11.0,53.0,22.0,9.0,15.0,16.0,28.0,19.0
122122.0,1221.22,920,102.0,86.0,27.0,43.0,58.0,41.0,59.0,71.0,55.0,30.0
122200.0,1222.0,716,140.0,31.0,34.0,56.0,37.0,68.0,19.0,28.0,37.0,34.0
122410.0,1224.1,984,130.0,77.0,50.0,74.0,72.0,44.0,48.0,47.0,85.0,45.0
122420.0,1224.2,741,89.0,37.0,44.0,41.0,47.0,40.0,27.0,25.0,23.0,33.0
123010.0,1230.1,1007,110.0,74.0,45.0,50.0,47.0,21.0,32.0,24.0,39.0,49.0
123020.0,1230.2,457,74.0,30.0,15.0,37.0,28.0,15.0,15.0,29.0,30.0,31.0
123103.0,1231.03,1368,97.0,101.0,47.0,65.0,60.0,62.0,85.0,72.0,54.0,48.0
123104.0,1231.04,527,59.0,62.0,20.0,44.0,24.0,24.0,25.0,20.0,37.0,23.0
123203.0,1232.03,931,89.0,93.0,32.0,61.0,74.0,33.0,48.0,56.0,69.0,44.0
123204.0,1232.04,521,85.0,41.0,24.0,38.0,39.0,17.0,16.0,24.0,34.0,11.0
123205.0,1232.05,409,53.0,28.0,10.0,23.0,37.0,45.0,19.0,25.0,23.0,17.0
123206.0,1232.06,449,69.0,39.0,14.0,16.0,31.0,45.0,16.0,13.0,33.0,33.0
123301.0,1233.01,911,104.0,65.0,48.0,54.0,86.0,28.0,75.0,40.0,55.0,49.0
123303.0,1233.03,572,65.0,48.0,28.0,40.0,37.0,33.0,21.0,25.0,21.0,40.0
123304.0,1233.04,976,113.0,84.0,63.0,67.0,59.0,93.0,37.0,56.0,41.0,65.0
123410.0,1234.1,539,57.0,52.0,14.0,61.0,37.0,11.0,17.0,58.0,46.0,19.0
123420.0,1234.2,853,96.0,56.0,50.0,86.0,59.0,43.0,53.0,38.0,36.0,41.0
123510.0,1235.1,685,85.0,50.0,30.0,59.0,66.0,41.0,35.0,13.0,31.0,38.0
123520.0,1235.2,618,72.0,27.0,31.0,78.0,27.0,45.0,35.0,38.0,33.0,35.0
123601.0,1236.01,746,94.0,58.0,41.0,69.0,52.0,42.0,38.0,29.0,20.0,52.0
123602.0,1236.02,325,33.0,17.0,17.0,20.0,24.0,25.0,17.0,14.0,19.0,36.0
123700.0,1237.0,814,113.0,59.0,64.0,81.0,41.0,68.0,37.0,10.0,34.0,58.0
123800.0,1238.0,1383,132.0,76.0,84.0,112.0,74.0,97.0,72.0,54.0,49.0,89.0
123901.0,1239.01,1773,163.0,134.0,101.0,124.0,137.0,123.0,94.0,97.0,74.0,83.0
123902.0,1239.02,523,58.0,19.0,39.0,19.0,41.0,39.0,25.0,15.0,29.0,33.0
124000.0,1240.0,665,64.0,34.0,51.0,61.0,41.0,90.0,33.0,15.0,19.0,48.0
124102.0,1241.02,1258,121.0,95.0,55.0,58.0,114.0,62.0,77.0,51.0,64.0,66.0
124103.0,1241.03,570,89.0,37.0,18.0,41.0,32.0,23.0,18.0,16.0,42.0,22.0
124104.0,1241.04,412,51.0,21.0,19.0,37.0,15.0,17.0,23.0,18.0,32.0,31.0
124105.0,1241.05,332,36.0,25.0,11.0,14.0,20.0,26.0,24.0,22.0,31.0,10.0
124201.0,1242.01,784,103.0,40.0,23.0,66.0,64.0,47.0,36.0,21.0,44.0,36.0
124203.0,1242.03,753,79.0,61.0,32.0,66.0,46.0,33.0,34.0,58.0,58.0,26.0
124204.0,1242.04,806,79.0,56.0,47.0,60.0,41.0,24.0,48.0,28.0,49.0,40.0
124300.0,1243.0,813,104.0,74.0,39.0,51.0,57.0,57.0,47.0,47.0,34.0,39.0
124400.0,1244.0,690,99.0,31.0,51.0,82.0,42.0,41.0,27.0,25.0,24.0,57.0
124500.0,1245.0,563,66.0,30.0,33.0,41.0,24.0,57.0,29.0,21.0,20.0,30.0
124600.0,1246.0,593,59.0,26.0,43.0,46.0,30.0,70.0,25.0,10.0,15.0,42.0
124700.0,1247.0,1077,90.0,43.0,126.0,98.0,48.0,117.0,67.0,26.0,32.0,77.0
124902.0,1249.02,684,58.0,53.0,57.0,74.0,48.0,45.0,35.0,23.0,41.0,35.0
124903.0,1249.03,504,49.0,18.0,47.0,44.0,26.0,27.0,26.0,10.0,26.0,33.0
125101.0,1251.01,1085,125.0,59.0,99.0,72.0,65.0,71.0,45.0,33.0,40.0,64.0
125102.0,1251.02,295,45.0,6.0,35.0,20.0,8.0,44.0,12.0,3.0,3.0,25.0
125200.0,1252.0,1362,136.0,94.0,117.0,74.0,107.0,81.0,88.0,65.0,52.0,75.0
125310.0,1253.1,2188,146.0,206.0,103.0,96.0,126.0,78.0,109.0,82.0,73.0,63.0
125321.0,1253.21,141,20.0,9.0,9.0,12.0,14.0,15.0,6.0,6.0,8.0,5.0
125322.0,1253.22,1693,125.0,154.0,176.0,56.0,103.0,72.0,169.0,69.0,64.0,63.0
125402.0,1254.02,1234,143.0,68.0,122.0,93.0,86.0,90.0,74.0,45.0,61.0,71.0
125403.0,1254.03,640,33.0,38.0,38.0,25.0,39.0,35.0,48.0,31.0,20.0,18.0
125404.0,1254.04,1395,129.0,133.0,151.0,79.0,93.0,100.0,78.0,77.0,72.0,67.0
125501.0,1255.01,907,99.0,69.0,68.0,67.0,64.0,46.0,70.0,16.0,59.0,50.0
125502.0,1255.02,704,95.0,33.0,59.0,45.0,44.0,42.0,30.0,15.0,29.0,50.0
125600.0,1256.0,353,42.0,16.0,20.0,32.0,20.0,36.0,20.0,10.0,10.0,19.0
127102.0,1271.02,1238,143.0,116.0,47.0,136.0,61.0,72.0,54.0,70.0,76.0,39.0
127103.0,1271.03,497,58.0,46.0,16.0,63.0,33.0,14.0,34.0,22.0,44.0,26.0
127104.0,1271.04,706,110.0,38.0,38.0,56.0,57.0,37.0,35.0,34.0,39.0,51.0
127210.0,1272.1,3334,362.0,202.0,139.0,167.0,181.0,140.0,119.0,129.0,169.0,101.0
127220.0,1272.2,676,92.0,39.0,31.0,77.0,63.0,42.0,42.0,33.0,35.0,32.0
127300.0,1273.0,1016,136.0,59.0,60.0,61.0,68.0,67.0,54.0,43.0,89.0,41.0
127400.0,1274.0,1886,296.0,107.0,215.0,91.0,107.0,105.0,63.0,93.0,93.0,101.0
127520.0,1275.2,825,158.0,66.0,59.0,55.0,47.0,17.0,16.0,38.0,75.0,44.0
127603.0,1276.03,350,74.0,16.0,26.0,30.0,18.0,7.0,19.0,13.0,34.0,14.0
127604.0,1276.04,414,54.0,18.0,30.0,30.0,21.0,21.0,26.0,10.0,33.0,18.0
127605.0,1276.05,736,104.0,53.0,24.0,44.0,33.0,55.0,15.0,55.0,73.0,26.0
127606.0,1276.06,574,82.0,46.0,30.0,34.0,33.0,22.0,25.0,42.0,38.0,26.0
127711.0,1277.11,1902,217.0,171.0,107.0,121.0,126.0,104.0,100.0,87.0,110.0,76.0
127712.0,1277.12,181,26.0,8.0,16.0,21.0,10.0,10.0,10.0,4.0,5.0,8.0
127803.0,1278.03,1035,125.0,71.0,77.0,76.0,74.0,40.0,50.0,46.0,56.0,41.0
127804.0,1278.04,687,90.0,55.0,32.0,52.0,44.0,32.0,22.0,30.0,44.0,28.0
127805.0,1278.05,671,88.0,47.0,37.0,38.0,44.0,29.0,29.0,41.0,45.0,44.0
127806.0,1278.06,1074,98.0,111.0,41.0,65.0,81.0,62.0,57.0,71.0,61.0,45.0
127910.0,1279.1,1004,154.0,89.0,58.0,67.0,61.0,44.0,39.0,43.0,77.0,42.0
127920.0,1279.2,690,150.0,39.0,32.0,54.0,40.0,40.0,42.0,25.0,34.0,36.0
128101.0,1281.01,1067,148.0,65.0,56.0,87.0,84.0,60.0,45.0,47.0,46.0,55.0
128102.0,1281.02,1837,184.0,170.0,79.0,127.0,138.0,91.0,93.0,149.0,108.0,62.0
128210.0,1282.1,1353,132.0,141.0,38.0,81.0,118.0,44.0,54.0,77.0,102.0,47.0
128220.0,1282.2,331,64.0,10.0,24.0,38.0,19.0,29.0,16.0,6.0,26.0,23.0
128302.0,1283.02,577,69.0,61.0,21.0,59.0,34.0,16.0,31.0,32.0,49.0,37.0
128303.0,1283.03,701,72.0,65.0,22.0,71.0,50.0,29.0,30.0,57.0,52.0,36.0
128400.0,1284.0,1605,127.0,65.0,78.0,84.0,92.0,169.0,51.0,38.0,55.0,85.0
128500.0,1285.0,1384,222.0,88.0,79.0,133.0,105.0,90.0,68.0,30.0,46.0,79.0
128601.0,1286.01,782,87.0,118.0,32.0,70.0,51.0,30.0,43.0,40.0,32.0,38.0
128602.0,1286.02,579,69.0,35.0,33.0,68.0,34.0,55.0,21.0,18.0,35.0,30.0
128703.0,1287.03,809,70.0,57.0,74.0,54.0,57.0,47.0,49.0,17.0,40.0,47.0
128704.0,1287.04,1332,74.0,42.0,103.0,47.0,51.0,56.0,63.0,21.0,17.0,55.0
128801.0,1288.01,813,74.0,37.0,78.0,48.0,56.0,72.0,44.0,12.0,60.0,66.0
128802.0,1288.02,1164,131.0,56.0,121.0,109.0,59.0,91.0,60.0,20.0,55.0,76.0
128910.0,1289.1,773,91.0,34.0,72.0,53.0,39.0,112.0,32.0,12.0,31.0,49.0
131021.0,1310.21,777,94.0,61.0,41.0,81.0,40.0,19.0,28.0,47.0,75.0,39.0
131022.0,1310.22,393,69.0,26.0,21.0,22.0,23.0,10.0,15.0,29.0,26.0,18.0
131023.0,1310.23,628,51.0,31.0,36.0,48.0,54.0,47.0,29.0,42.0,38.0,28.0
131024.0,1310.24,743,82.0,60.0,47.0,59.0,39.0,43.0,30.0,33.0,59.0,27.0
131100.0,1311.0,373,46.0,15.0,22.0,38.0,13.0,20.0,20.0,14.0,18.0,21.0
131200.0,1312.0,518,61.0,36.0,36.0,45.0,29.0,38.0,22.0,16.0,17.0,34.0
131300.0,1313.0,677,96.0,46.0,30.0,56.0,31.0,52.0,21.0,21.0,60.0,46.0
131400.0,1314.0,696,77.0,52.0,45.0,76.0,36.0,33.0,33.0,42.0,50.0,33.0
131600.0,1316.0,1214,124.0,106.0,40.0,98.0,80.0,82.0,50.0,78.0,75.0,40.0
131701.0,1317.01,429,53.0,23.0,32.0,46.0,19.0,33.0,17.0,9.0,22.0,27.0
131702.0,1317.02,906,119.0,79.0,39.0,115.0,42.0,38.0,21.0,39.0,74.0,37.0
131801.0,1318.01,1061,91.0,77.0,30.0,63.0,82.0,43.0,43.0,53.0,43.0,33.0
131802.0,1318.02,755,84.0,37.0,31.0,70.0,52.0,46.0,38.0,19.0,35.0,39.0
131900.0,1319.0,1061,104.0,64.0,52.0,75.0,80.0,89.0,53.0,39.0,50.0,61.0
132001.0,1320.01,577,71.0,38.0,26.0,52.0,34.0,44.0,25.0,16.0,20.0,42.0
132002.0,1320.02,420,48.0,36.0,25.0,26.0,21.0,14.0,26.0,19.0,17.0,19.0
132101.0,1321.01,566,88.0,19.0,31.0,45.0,42.0,23.0,27.0,22.0,38.0,39.0
132102.0,1321.02,938,128.0,80.0,70.0,72.0,59.0,57.0,35.0,33.0,45.0,54.0
132301.0,1323.01,958,124.0,69.0,54.0,64.0,66.0,56.0,40.0,41.0,62.0,43.0
132302.0,1323.02,571,66.0,40.0,21.0,44.0,52.0,27.0,24.0,35.0,29.0,28.0
132501.0,1325.01,520,82.0,35.0,32.0,47.0,30.0,13.0,15.0,21.0,40.0,31.0
132502.0,1325.02,814,75.0,85.0,30.0,70.0,60.0,27.0,38.0,49.0,51.0,30.0
132700.0,1327.0,993,121.0,74.0,45.0,49.0,61.0,71.0,41.0,58.0,61.0,34.0
132900.0,1329.0,831,87.0,53.0,28.0,72.0,64.0,60.0,42.0,38.0,37.0,27.0
133000.0,1330.0,790,71.0,57.0,37.0,62.0,35.0,57.0,39.0,19.0,39.0,37.0
133101.0,1331.01,477,49.0,26.0,31.0,26.0,22.0,29.0,28.0,23.0,23.0,27.0
133102.0,1331.02,635,65.0,60.0,34.0,58.0,48.0,28.0,27.0,39.0,41.0,22.0
134001.0,1340.01,784,81.0,77.0,24.0,62.0,54.0,59.0,29.0,49.0,42.0,28.0
134002.0,1340.02,571,63.0,45.0,18.0,54.0,32.0,49.0,21.0,23.0,58.0,24.0
134101.0,1341.01,622,89.0,48.0,25.0,53.0,31.0,32.0,38.0,35.0,32.0,40.0
134103.0,1341.03,409,49.0,19.0,27.0,54.0,16.0,29.0,14.0,16.0,18.0,20.0
134104.0,1341.04,705,57.0,79.0,42.0,71.0,36.0,43.0,26.0,30.0,48.0,23.0
134201.0,1342.01,777,78.0,67.0,36.0,61.0,41.0,78.0,32.0,54.0,37.0,28.0
134302.0,1343.02,376,22.0,17.0,17.0,48.0,15.0,46.0,12.0,19.0,23.0,10.0
134303.0,1343.03,1020,95.0,81.0,42.0,61.0,83.0,97.0,55.0,60.0,38.0,33.0
134304.0,1343.04,731,50.0,53.0,24.0,51.0,44.0,48.0,32.0,35.0,31.0,27.0
134305.0,1343.05,464,38.0,72.0,9.0,47.0,26.0,20.0,14.0,31.0,28.0,19.0
134306.0,1343.06,508,62.0,43.0,25.0,58.0,29.0,27.0,16.0,23.0,45.0,29.0
134421.0,1344.21,225,8.0,18.0,8.0,34.0,15.0,32.0,6.0,3.0,12.0,9.0
134422.0,1344.22,518,27.0,51.0,28.0,48.0,31.0,47.0,24.0,17.0,27.0,27.0
134423.0,1344.23,220,18.0,11.0,20.0,37.0,11.0,16.0,15.0,0.0,11.0,11.0
134424.0,1344.24,221,14.0,12.0,9.0,40.0,12.0,21.0,5.0,4.0,11.0,6.0
134520.0,1345.2,2154,176.0,136.0,91.0,122.0,118.0,166.0,65.0,103.0,96.0,79.0
134521.0,1345.21,533,58.0,53.0,17.0,33.0,44.0,38.0,8.0,46.0,41.0,23.0
134522.0,1345.22,619,60.0,35.0,23.0,64.0,48.0,42.0,25.0,36.0,38.0,31.0
134710.0,1347.1,696,90.0,54.0,24.0,74.0,42.0,33.0,24.0,43.0,54.0,26.0
134720.0,1347.2,1107,145.0,89.0,65.0,108.0,56.0,71.0,54.0,43.0,71.0,57.0
134801.0,1348.01,490,64.0,24.0,18.0,36.0,20.0,45.0,22.0,23.0,25.0,29.0
134802.0,1348.02,407,66.0,14.0,22.0,30.0,19.0,41.0,20.0,9.0,17.0,27.0
134901.0,1349.01,627,63.0,45.0,29.0,48.0,21.0,60.0,28.0,23.0,25.0,31.0
134904.0,1349.04,1080,112.0,88.0,51.0,68.0,51.0,83.0,40.0,53.0,69.0,60.0
134905.0,1349.05,1421,138.0,55.0,150.0,130.0,55.0,160.0,88.0,20.0,79.0,82.0
134906.0,1349.06,393,39.0,11.0,41.0,45.0,26.0,34.0,23.0,14.0,34.0,24.0
134907.0,1349.07,1004,120.0,35.0,104.0,89.0,61.0,106.0,70.0,24.0,90.0,50.0
135102.0,1351.02,492,38.0,47.0,18.0,56.0,26.0,45.0,25.0,15.0,20.0,19.0
135111.0,1351.11,2513,135.0,149.0,164.0,97.0,119.0,70.0,141.0,86.0,56.0,75.0
135113.0,1351.13,885,72.0,44.0,104.0,74.0,58.0,76.0,58.0,22.0,47.0,48.0
135115.0,1351.15,712,58.0,40.0,59.0,37.0,43.0,31.0,55.0,15.0,30.0,33.0
135116.0,1351.16,2105,71.0,101.0,156.0,55.0,81.0,67.0,117.0,41.0,16.0,53.0
135201.0,1352.01,1800,57.0,93.0,62.0,55.0,66.0,50.0,166.0,41.0,24.0,53.0
135202.0,1352.02,427,31.0,18.0,11.0,42.0,19.0,33.0,24.0,5.0,18.0,16.0
135204.0,1352.04,573,52.0,42.0,21.0,64.0,36.0,51.0,37.0,21.0,22.0,20.0
135205.0,1352.05,122,9.0,3.0,9.0,25.0,8.0,20.0,6.0,2.0,4.0,4.0
137000.0,1370.0,677,48.0,45.0,38.0,67.0,38.0,95.0,39.0,30.0,20.0,28.0
137103.0,1371.03,699,61.0,28.0,82.0,87.0,50.0,54.0,42.0,10.0,32.0,32.0
137104.0,1371.04,731,57.0,52.0,46.0,60.0,38.0,85.0,39.0,16.0,30.0,37.0
137202.0,1372.02,553,50.0,41.0,39.0,52.0,39.0,43.0,37.0,29.0,34.0,24.0
137203.0,1372.03,796,53.0,47.0,58.0,73.0,52.0,84.0,52.0,29.0,48.0,39.0
137301.0,1373.01,233,26.0,16.0,8.0,37.0,10.0,28.0,18.0,2.0,9.0,10.0
137302.0,1373.02,395,38.0,23.0,13.0,44.0,21.0,61.0,14.0,13.0,11.0,18.0
137401.0,1374.01,777,45.0,35.0,56.0,73.0,45.0,111.0,57.0,25.0,22.0,36.0
137402.0,1374.02,741,55.0,44.0,79.0,77.0,37.0,86.0,40.0,17.0,24.0,36.0
137501.0,1375.01,2010,120.0,150.0,147.0,126.0,91.0,158.0,110.0,63.0,65.0,67.0
137502.0,1375.02,1480,130.0,130.0,114.0,86.0,70.0,139.0,112.0,61.0,51.0,63.0
137504.0,1375.04,195,17.0,7.0,16.0,24.0,1.0,44.0,5.0,2.0,8.0,8.0
138000.0,1380.0,531,34.0,23.0,57.0,64.0,23.0,54.0,25.0,11.0,23.0,22.0
139001.0,1390.01,918,109.0,35.0,96.0,65.0,43.0,69.0,46.0,35.0,60.0,76.0
139200.0,1392.0,1079,147.0,51.0,81.0,110.0,53.0,63.0,71.0,21.0,44.0,71.0
139301.0,1393.01,850,88.0,40.0,49.0,84.0,45.0,102.0,33.0,32.0,43.0,51.0
139302.0,1393.02,891,94.0,72.0,50.0,99.0,53.0,23.0,49.0,32.0,59.0,53.0
139303.0,1393.03,772,67.0,61.0,43.0,82.0,42.0,27.0,53.0,39.0,65.0,49.0
139401.0,1394.01,1538,63.0,122.0,101.0,111.0,111.0,150.0,82.0,66.0,42.0,49.0
139402.0,1394.02,908,65.0,48.0,54.0,69.0,53.0,216.0,36.0,27.0,22.0,17.0
139502.0,1395.02,782,62.0,67.0,66.0,49.0,46.0,111.0,43.0,18.0,21.0,47.0
139504.0,1395.04,771,91.0,41.0,90.0,81.0,31.0,17.0,40.0,19.0,43.0,67.0
139505.0,1395.05,459,38.0,46.0,36.0,38.0,31.0,49.0,29.0,12.0,15.0,25.0
139506.0,1395.06,512,56.0,39.0,56.0,49.0,30.0,11.0,29.0,12.0,28.0,37.0
139600.0,1396.0,1652,88.0,100.0,143.0,128.0,108.0,187.0,62.0,57.0,38.0,74.0
139701.0,1397.01,1341,93.0,73.0,101.0,88.0,70.0,226.0,77.0,33.0,21.0,47.0
139703.0,1397.03,366,11.0,6.0,16.0,48.0,10.0,131.0,11.0,10.0,6.0,12.0
139704.0,1397.04,403,13.0,9.0,33.0,44.0,7.0,106.0,9.0,9.0,21.0,9.0
139705.0,1397.05,390,20.0,10.0,25.0,38.0,12.0,116.0,17.0,5.0,12.0,16.0
139801.0,1398.01,375,20.0,16.0,16.0,45.0,9.0,94.0,18.0,7.0,15.0,17.0
139802.0,1398.02,424,16.0,13.0,30.0,46.0,13.0,136.0,21.0,5.0,5.0,10.0
141101.0,1411.01,842,88.0,55.0,63.0,61.0,78.0,95.0,49.0,20.0,19.0,56.0
141102.0,1411.02,588,53.0,38.0,53.0,46.0,39.0,96.0,27.0,16.0,7.0,36.0
141201.0,1412.01,1237,105.0,63.0,116.0,84.0,85.0,178.0,55.0,35.0,45.0,70.0
141202.0,1412.02,763,61.0,43.0,65.0,58.0,69.0,86.0,46.0,22.0,21.0,38.0
141303.0,1413.03,560,52.0,22.0,56.0,68.0,39.0,33.0,44.0,13.0,29.0,52.0
141304.0,1413.04,933,56.0,71.0,83.0,69.0,66.0,87.0,50.0,25.0,21.0,47.0
141305.0,1413.05,1027,99.0,53.0,103.0,71.0,80.0,98.0,73.0,27.0,28.0,49.0
141306.0,1413.06,691,55.0,36.0,84.0,54.0,43.0,90.0,36.0,20.0,21.0,43.0
141400.0,1414.0,1141,59.0,52.0,68.0,80.0,63.0,181.0,56.0,32.0,39.0,61.0
141500.0,1415.0,358,15.0,8.0,12.0,40.0,13.0,107.0,23.0,8.0,4.0,14.0
141600.0,1416.0,488,31.0,15.0,50.0,67.0,18.0,96.0,27.0,7.0,11.0,28.0
141700.0,1417.0,393,36.0,17.0,24.0,38.0,12.0,71.0,35.0,14.0,8.0,17.0
143101.0,1431.01,467,51.0,26.0,45.0,36.0,31.0,61.0,18.0,17.0,6.0,15.0
143102.0,1431.02,649,53.0,45.0,64.0,40.0,59.0,57.0,33.0,24.0,22.0,36.0
143200.0,1432.0,947,100.0,46.0,105.0,74.0,70.0,81.0,38.0,22.0,41.0,71.0
143301.0,1433.01,508,72.0,15.0,63.0,40.0,14.0,30.0,24.0,4.0,23.0,74.0
143302.0,1433.02,662,65.0,36.0,49.0,54.0,32.0,84.0,36.0,11.0,19.0,40.0
143401.0,1434.01,917,98.0,25.0,122.0,69.0,48.0,99.0,50.0,10.0,23.0,71.0
143402.0,1434.02,525,47.0,19.0,39.0,34.0,22.0,64.0,49.0,16.0,14.0,28.0
143500.0,1435.0,697,56.0,22.0,98.0,49.0,29.0,101.0,40.0,9.0,8.0,57.0
143602.0,1436.02,1175,83.0,69.0,98.0,63.0,89.0,118.0,72.0,16.0,32.0,64.0
143603.0,1436.03,330,30.0,14.0,36.0,23.0,21.0,26.0,18.0,9.0,14.0,31.0
143605.0,1436.05,663,63.0,40.0,67.0,41.0,34.0,34.0,49.0,24.0,54.0,42.0
143606.0,1436.06,1116,67.0,71.0,77.0,48.0,76.0,48.0,88.0,46.0,29.0,48.0
143700.0,1437.0,1214,77.0,55.0,113.0,75.0,106.0,169.0,72.0,45.0,35.0,78.0
143801.0,1438.01,482,29.0,14.0,63.0,36.0,19.0,68.0,36.0,12.0,14.0,27.0
143802.0,1438.02,614,48.0,19.0,64.0,38.0,34.0,114.0,41.0,17.0,16.0,36.0
143901.0,1439.01,1692,72.0,115.0,177.0,76.0,119.0,237.0,122.0,46.0,26.0,65.0
143902.0,1439.02,537,43.0,21.0,69.0,45.0,32.0,87.0,32.0,16.0,8.0,34.0
181000.0,1810.0,985,101.0,44.0,102.0,50.0,58.0,97.0,80.0,30.0,20.0,59.0
181300.0,1813.0,686,76.0,27.0,31.0,31.0,31.0,37.0,77.0,14.0,10.0,33.0
181400.0,1814.0,739,78.0,42.0,26.0,60.0,60.0,64.0,55.0,32.0,23.0,29.0
181500.0,1815.0,434,52.0,23.0,20.0,28.0,23.0,29.0,31.0,14.0,9.0,24.0
181600.0,1816.0,360,36.0,27.0,10.0,30.0,24.0,14.0,18.0,8.0,13.0,19.0
183101.0,1831.01,847,96.0,27.0,19.0,39.0,35.0,35.0,55.0,26.0,24.0,32.0
183103.0,1831.03,413,76.0,16.0,27.0,24.0,20.0,13.0,28.0,9.0,24.0,25.0
183104.0,1831.04,281,59.0,8.0,14.0,28.0,11.0,11.0,16.0,9.0,15.0,21.0
183220.0,1832.2,511,66.0,35.0,20.0,35.0,39.0,20.0,26.0,21.0,22.0,18.0
183221.0,1832.21,350,54.0,23.0,11.0,29.0,16.0,13.0,14.0,15.0,20.0,11.0
183222.0,1832.22,269,30.0,18.0,6.0,37.0,22.0,18.0,7.0,12.0,14.0,14.0
183300.0,1833.0,471,73.0,28.0,5.0,41.0,40.0,9.0,26.0,30.0,24.0,20.0
183401.0,1834.01,290,48.0,13.0,8.0,21.0,18.0,20.0,8.0,9.0,19.0,13.0
183402.0,1834.02,313,56.0,14.0,9.0,18.0,20.0,17.0,16.0,8.0,10.0,12.0
183510.0,1835.1,267,33.0,24.0,11.0,19.0,17.0,7.0,7.0,16.0,8.0,11.0
183520.0,1835.2,414,75.0,27.0,7.0,28.0,42.0,15.0,12.0,19.0,20.0,24.0
183610.0,1836.1,549,60.0,65.0,20.0,29.0,38.0,19.0,23.0,49.0,22.0,23.0
183620.0,1836.2,513,85.0,27.0,24.0,32.0,37.0,14.0,22.0,24.0,20.0,24.0
183701.0,1837.01,548,89.0,36.0,30.0,34.0,39.0,19.0,31.0,28.0,28.0,31.0
183702.0,1837.02,453,88.0,17.0,44.0,29.0,27.0,20.0,32.0,8.0,9.0,37.0
183810.0,1838.1,931,144.0,84.0,27.0,64.0,47.0,35.0,54.0,49.0,42.0,29.0
183820.0,1838.2,295,58.0,16.0,8.0,24.0,13.0,4.0,11.0,16.0,29.0,14.0
185101.0,1851.01,729,107.0,73.0,21.0,29.0,47.0,18.0,44.0,25.0,33.0,31.0
185102.0,1851.02,287,54.0,5.0,20.0,29.0,17.0,18.0,13.0,2.0,10.0,14.0
185202.0,1852.02,526,83.0,27.0,30.0,30.0,43.0,27.0,28.0,29.0,18.0,35.0
185203.0,1852.03,352,65.0,35.0,8.0,24.0,24.0,7.0,24.0,23.0,8.0,19.0
185204.0,1852.04,192,32.0,5.0,11.0,18.0,8.0,9.0,16.0,4.0,7.0,11.0
185310.0,1853.1,331,48.0,29.0,3.0,17.0,25.0,11.0,15.0,28.0,16.0,16.0
185320.0,1853.2,926,164.0,81.0,42.0,14.0,47.0,19.0,66.0,57.0,27.0,27.0
186100.0,1861.0,495,97.0,24.0,22.0,36.0,28.0,28.0,25.0,13.0,17.0,39.0
186201.0,1862.01,491,50.0,42.0,23.0,34.0,22.0,32.0,39.0,15.0,25.0,23.0
186202.0,1862.02,451,49.0,30.0,9.0,20.0,29.0,29.0,44.0,11.0,7.0,19.0
186203.0,1862.03,213,27.0,12.0,8.0,30.0,15.0,9.0,16.0,3.0,9.0,12.0
186301.0,1863.01,220,31.0,7.0,7.0,21.0,19.0,4.0,5.0,19.0,12.0,11.0
186302.0,1863.02,744,104.0,32.0,31.0,65.0,52.0,49.0,44.0,27.0,34.0,41.0
186401.0,1864.01,904,85.0,64.0,18.0,57.0,83.0,39.0,51.0,44.0,62.0,28.0
186403.0,1864.03,374,65.0,22.0,9.0,20.0,24.0,18.0,18.0,30.0,13.0,17.0
186404.0,1864.04,386,61.0,25.0,10.0,36.0,27.0,16.0,20.0,18.0,21.0,16.0
187101.0,1871.01,387,39.0,24.0,20.0,30.0,24.0,27.0,25.0,17.0,13.0,19.0
187102.0,1871.02,1144,173.0,96.0,36.0,61.0,58.0,131.0,67.0,41.0,39.0,48.0
187200.0,1872.0,426,66.0,17.0,57.0,44.0,15.0,30.0,20.0,14.0,16.0,21.0
187300.0,1873.0,944,115.0,34.0,87.0,68.0,58.0,66.0,87.0,23.0,13.0,43.0
188100.0,1881.0,773,85.0,29.0,41.0,50.0,49.0,54.0,69.0,20.0,17.0,47.0
188201.0,1882.01,889,110.0,31.0,72.0,64.0,79.0,45.0,74.0,15.0,30.0,71.0
188202.0,1882.02,350,41.0,9.0,41.0,22.0,21.0,42.0,28.0,2.0,12.0,28.0
188300.0,1883.0,764,64.0,35.0,38.0,36.0,57.0,62.0,57.0,11.0,13.0,42.0
189101.0,1891.01,461,40.0,18.0,70.0,23.0,40.0,68.0,29.0,11.0,9.0,13.0
189102.0,1891.02,689,76.0,21.0,65.0,64.0,51.0,46.0,54.0,9.0,17.0,37.0
189201.0,1892.01,797,88.0,46.0,77.0,54.0,58.0,64.0,58.0,36.0,15.0,51.0
189202.0,1892.02,523,61.0,10.0,63.0,29.0,29.0,73.0,32.0,5.0,13.0,28.0
189300.0,1893.0,762,112.0,30.0,93.0,43.0,31.0,65.0,46.0,23.0,12.0,43.0
189400.0,1894.0,561,43.0,20.0,94.0,64.0,35.0,35.0,40.0,5.0,12.0,31.0
189501.0,1895.01,455,52.0,39.0,31.0,28.0,31.0,25.0,33.0,16.0,9.0,19.0
189502.0,1895.02,360,49.0,13.0,39.0,29.0,25.0,16.0,28.0,11.0,13.0,17.0
189600.0,1896.0,847,89.0,28.0,107.0,50.0,75.0,66.0,48.0,20.0,37.0,47.0
189702.0,1897.02,1010,76.0,90.0,84.0,47.0,62.0,50.0,88.0,35.0,40.0,41.0
189703.0,1897.03,811,72.0,30.0,172.0,52.0,48.0,43.0,40.0,20.0,40.0,48.0
189704.0,1897.04,424,38.0,15.0,84.0,25.0,28.0,26.0,28.0,8.0,16.0,27.0
189801.0,1898.01,811,51.0,49.0,61.0,58.0,54.0,51.0,98.0,26.0,24.0,27.0
189802.0,1898.02,423,25.0,42.0,39.0,25.0,38.0,30.0,31.0,15.0,15.0,16.0
189903.0,1899.03,125,13.0,6.0,19.0,9.0,9.0,8.0,6.0,0.0,5.0,5.0
189904.0,1899.04,1096,94.0,64.0,129.0,86.0,77.0,62.0,91.0,43.0,62.0,31.0
189905.0,1899.05,986,79.0,86.0,108.0,63.0,68.0,71.0,89.0,47.0,16.0,28.0
189906.0,1899.06,520,40.0,30.0,75.0,38.0,32.0,27.0,47.0,22.0,25.0,15.0
189907.0,1899.07,468,25.0,41.0,54.0,31.0,31.0,26.0,50.0,13.0,21.0,14.0
190101.0,1901.01,2300,123.0,206.0,120.0,78.0,118.0,85.0,239.0,123.0,102.0,44.0
190102.0,1901.02,1675,93.0,156.0,184.0,62.0,133.0,72.0,133.0,119.0,69.0,48.0
190201.0,1902.01,1562,89.0,158.0,105.0,58.0,122.0,60.0,127.0,114.0,80.0,32.0
190202.0,1902.02,3708,159.0,430.0,229.0,121.0,224.0,133.0,293.0,253.0,109.0,62.0
190302.0,1903.02,1288,90.0,80.0,69.0,52.0,94.0,49.0,113.0,31.0,58.0,54.0
190303.0,1903.03,467,36.0,40.0,35.0,25.0,19.0,18.0,42.0,40.0,19.0,14.0
190401.0,1904.01,1348,110.0,116.0,76.0,77.0,64.0,43.0,138.0,42.0,42.0,43.0
190402.0,1904.02,112,18.0,5.0,9.0,14.0,7.0,1.0,8.0,0.0,9.0,6.0
190510.0,1905.1,2288,189.0,194.0,195.0,89.0,162.0,77.0,144.0,128.0,83.0,77.0
190520.0,1905.2,406,33.0,26.0,16.0,33.0,30.0,33.0,29.0,21.0,27.0,20.0
190701.0,1907.01,4221,212.0,428.0,468.0,142.0,268.0,198.0,325.0,316.0,131.0,77.0
190702.0,1907.02,431,45.0,30.0,26.0,24.0,25.0,44.0,25.0,25.0,20.0,23.0
190801.0,1908.01,1498,137.0,179.0,85.0,67.0,108.0,60.0,96.0,91.0,67.0,55.0
190802.0,1908.02,1077,101.0,92.0,73.0,53.0,101.0,42.0,58.0,47.0,58.0,41.0
190901.0,1909.01,1578,150.0,181.0,63.0,74.0,111.0,60.0,98.0,127.0,78.0,57.0
190902.0,1909.02,1344,164.0,133.0,112.0,71.0,109.0,75.0,72.0,66.0,74.0,65.0
191000.0,1910.0,3858,250.0,363.0,250.0,212.0,286.0,164.0,272.0,242.0,147.0,83.0
191110.0,1911.1,1549,110.0,151.0,51.0,70.0,68.0,43.0,81.0,61.0,44.0,49.0
191120.0,1911.2,751,94.0,60.0,38.0,49.0,59.0,20.0,45.0,47.0,35.0,40.0
191201.0,1912.01,2134,116.0,292.0,79.0,56.0,156.0,83.0,177.0,135.0,48.0,73.0
191203.0,1912.03,523,63.0,43.0,21.0,31.0,39.0,53.0,36.0,31.0,25.0,17.0
191204.0,1912.04,326,40.0,22.0,19.0,17.0,24.0,15.0,22.0,20.0,12.0,12.0
191301.0,1913.01,685,70.0,63.0,45.0,18.0,56.0,38.0,43.0,58.0,31.0,13.0
191302.0,1913.02,973,89.0,60.0,71.0,31.0,77.0,49.0,95.0,50.0,35.0,23.0
191410.0,1914.1,605,65.0,62.0,22.0,40.0,40.0,23.0,32.0,34.0,35.0,21.0
191420.0,1914.2,657,79.0,83.0,48.0,26.0,40.0,29.0,41.0,46.0,27.0,29.0
191500.0,1915.0,1200,128.0,91.0,42.0,77.0,78.0,53.0,69.0,80.0,78.0,50.0
191610.0,1916.1,948,107.0,107.0,29.0,55.0,61.0,39.0,48.0,64.0,50.0,48.0
191620.0,1916.2,693,82.0,68.0,23.0,45.0,46.0,31.0,57.0,36.0,41.0,41.0
191710.0,1917.1,679,82.0,50.0,39.0,44.0,57.0,26.0,38.0,37.0,41.0,26.0
191720.0,1917.2,825,62.0,76.0,36.0,34.0,74.0,44.0,51.0,47.0,37.0,26.0
191810.0,1918.1,1078,99.0,102.0,78.0,68.0,75.0,34.0,78.0,69.0,59.0,40.0
191820.0,1918.2,1187,105.0,73.0,87.0,61.0,82.0,93.0,88.0,41.0,48.0,41.0
191901.0,1919.01,2187,132.0,175.0,136.0,132.0,153.0,179.0,172.0,146.0,94.0,78.0
191902.0,1919.02,869,95.0,28.0,78.0,43.0,65.0,122.0,59.0,26.0,18.0,27.0
192001.0,1920.01,1063,67.0,84.0,72.0,39.0,84.0,113.0,92.0,36.0,19.0,29.0
192002.0,1920.02,1781,109.0,139.0,156.0,49.0,123.0,188.0,111.0,73.0,28.0,37.0
192300.0,1923.0,525,43.0,18.0,55.0,26.0,31.0,90.0,38.0,9.0,12.0,23.0
192410.0,1924.1,675,81.0,25.0,69.0,45.0,42.0,74.0,38.0,18.0,22.0,53.0
192420.0,1924.2,1150,159.0,76.0,90.0,54.0,88.0,96.0,73.0,43.0,40.0,50.0
192510.0,1925.1,1100,175.0,69.0,79.0,54.0,53.0,81.0,51.0,66.0,49.0,57.0
192520.0,1925.2,837,117.0,73.0,34.0,39.0,45.0,45.0,44.0,41.0,68.0,43.0
192610.0,1926.1,361,59.0,24.0,23.0,15.0,34.0,32.0,12.0,21.0,21.0,31.0
192620.0,1926.2,998,133.0,74.0,57.0,58.0,58.0,34.0,33.0,45.0,69.0,43.0
192700.0,1927.0,727,86.0,59.0,31.0,38.0,67.0,35.0,26.0,73.0,29.0,33.0
194101.0,1941.01,747,71.0,34.0,143.0,59.0,38.0,59.0,56.0,13.0,17.0,34.0
194102.0,1941.02,731,81.0,28.0,66.0,77.0,37.0,79.0,53.0,15.0,24.0,31.0
194200.0,1942.0,799,35.0,66.0,78.0,65.0,38.0,85.0,50.0,35.0,35.0,31.0
194300.0,1943.0,484,30.0,23.0,37.0,50.0,23.0,63.0,25.0,17.0,11.0,23.0
194401.0,1944.01,736,51.0,44.0,99.0,38.0,60.0,78.0,57.0,24.0,17.0,32.0
194402.0,1944.02,1242,59.0,64.0,178.0,49.0,104.0,143.0,81.0,44.0,36.0,32.0
194500.0,1945.0,2710,78.0,139.0,201.0,52.0,131.0,192.0,167.0,70.0,27.0,45.0
195100.0,1951.0,766,93.0,16.0,113.0,52.0,40.0,73.0,69.0,10.0,9.0,44.0
195201.0,1952.01,358,45.0,28.0,35.0,25.0,30.0,21.0,25.0,5.0,7.0,21.0
195202.0,1952.02,556,75.0,16.0,41.0,29.0,34.0,46.0,54.0,11.0,5.0,38.0
195300.0,1953.0,937,137.0,31.0,44.0,50.0,74.0,64.0,47.0,18.0,14.0,41.0
195400.0,1954.0,1368,143.0,35.0,203.0,48.0,121.0,130.0,92.0,45.0,16.0,63.0
195500.0,1955.0,1055,151.0,48.0,111.0,57.0,72.0,68.0,68.0,20.0,28.0,68.0
195600.0,1956.0,1147,128.0,44.0,134.0,53.0,89.0,91.0,81.0,41.0,43.0,62.0
195710.0,1957.1,849,132.0,62.0,52.0,65.0,50.0,38.0,49.0,34.0,52.0,45.0
195720.0,1957.2,564,82.0,37.0,58.0,27.0,35.0,19.0,31.0,18.0,20.0,33.0
195802.0,1958.02,677,106.0,38.0,49.0,19.0,62.0,39.0,37.0,46.0,17.0,35.0
195803.0,1958.03,1458,142.0,28.0,86.0,50.0,60.0,56.0,81.0,16.0,20.0,44.0
195804.0,1958.04,466,91.0,17.0,82.0,32.0,31.0,22.0,22.0,9.0,5.0,34.0
195901.0,1959.01,340,42.0,11.0,40.0,44.0,30.0,18.0,22.0,1.0,7.0,23.0
195902.0,1959.02,542,71.0,15.0,86.0,26.0,48.0,50.0,28.0,11.0,12.0,33.0
195903.0,1959.03,398,81.0,12.0,42.0,22.0,27.0,22.0,16.0,12.0,10.0,18.0
197200.0,1972.0,502,99.0,30.0,25.0,33.0,31.0,25.0,19.0,17.0,20.0,45.0
197300.0,1973.0,640,78.0,46.0,77.0,39.0,35.0,34.0,34.0,29.0,15.0,33.0
197410.0,1974.1,677,126.0,26.0,62.0,55.0,41.0,44.0,32.0,15.0,16.0,61.0
197420.0,1974.2,1093,137.0,41.0,53.0,47.0,53.0,78.0,70.0,49.0,27.0,50.0
197500.0,1975.0,1186,177.0,67.0,137.0,54.0,63.0,51.0,59.0,74.0,38.0,65.0
197600.0,1976.0,557,116.0,25.0,42.0,28.0,29.0,38.0,29.0,8.0,16.0,45.0
197700.0,1977.0,1189,209.0,65.0,129.0,61.0,62.0,60.0,79.0,35.0,68.0,77.0
199001.0,1990.01,563,68.0,32.0,13.0,21.0,42.0,26.0,31.0,32.0,19.0,20.0
199002.0,1990.02,1623,250.0,109.0,83.0,35.0,134.0,68.0,87.0,113.0,51.0,74.0
199110.0,1991.1,411,70.0,35.0,13.0,37.0,25.0,10.0,19.0,12.0,15.0,18.0
199120.0,1991.2,812,113.0,91.0,28.0,42.0,53.0,47.0,45.0,49.0,57.0,27.0
199201.0,1992.01,604,111.0,61.0,13.0,30.0,40.0,19.0,37.0,46.0,30.0,38.0
199202.0,1992.02,350,53.0,22.0,14.0,26.0,31.0,12.0,9.0,20.0,26.0,13.0
199300.0,1993.0,587,92.0,39.0,30.0,40.0,33.0,41.0,23.0,34.0,18.0,33.0
199400.0,1994.0,697,145.0,51.0,32.0,25.0,48.0,29.0,29.0,29.0,40.0,32.0
199700.0,1997.0,878,150.0,77.0,53.0,33.0,67.0,38.0,43.0,53.0,36.0,46.0
199801.0,1998.01,340,67.0,16.0,14.0,29.0,23.0,11.0,11.0,16.0,19.0,19.0
199802.0,1998.02,521,106.0,41.0,4.0,18.0,41.0,20.0,26.0,24.0,15.0,25.0
199900.0,1999.0,589,105.0,65.0,32.0,30.0,47.0,16.0,22.0,46.0,25.0,30.0
201110.0,2011.1,196,27.0,22.0,6.0,17.0,17.0,5.0,13.0,12.0,7.0,7.0
201120.0,2011.2,505,93.0,42.0,15.0,37.0,40.0,20.0,26.0,26.0,41.0,16.0
201200.0,2012.0,251,36.0,25.0,8.0,17.0,26.0,7.0,10.0,23.0,20.0,8.0
201301.0,2013.01,528,79.0,48.0,28.0,28.0,35.0,28.0,27.0,29.0,23.0,21.0
201302.0,2013.02,397,78.0,10.0,59.0,33.0,13.0,12.0,27.0,5.0,16.0,33.0
201401.0,2014.01,656,109.0,77.0,11.0,57.0,35.0,25.0,22.0,54.0,35.0,29.0
201402.0,2014.02,694,163.0,47.0,34.0,38.0,36.0,28.0,24.0,30.0,30.0,30.0
201501.0,2015.01,684,118.0,65.0,22.0,57.0,46.0,24.0,29.0,38.0,43.0,23.0
201503.0,2015.03,555,81.0,55.0,6.0,40.0,52.0,16.0,41.0,38.0,24.0,27.0
201504.0,2015.04,269,41.0,25.0,11.0,22.0,21.0,6.0,15.0,26.0,10.0,14.0
201601.0,2016.01,338,66.0,25.0,5.0,25.0,21.0,29.0,17.0,25.0,13.0,16.0
201602.0,2016.02,581,98.0,37.0,10.0,34.0,29.0,55.0,15.0,46.0,22.0,27.0
201700.0,2017.0,677,146.0,28.0,26.0,42.0,42.0,13.0,35.0,23.0,46.0,50.0
203100.0,2031.0,819,133.0,94.0,20.0,69.0,71.0,15.0,15.0,67.0,39.0,35.0
203200.0,2032.0,626,97.0,62.0,17.0,46.0,44.0,9.0,21.0,49.0,27.0,33.0
203300.0,2033.0,1364,154.0,106.0,64.0,43.0,91.0,31.0,113.0,69.0,39.0,59.0
203500.0,2035.0,1023,197.0,109.0,35.0,32.0,70.0,32.0,44.0,78.0,54.0,42.0
203601.0,2036.01,841,100.0,72.0,37.0,49.0,54.0,40.0,39.0,51.0,45.0,36.0
203602.0,2036.02,331,51.0,40.0,11.0,29.0,27.0,9.0,8.0,26.0,22.0,16.0
203710.0,2037.1,465,82.0,46.0,13.0,29.0,25.0,11.0,9.0,36.0,35.0,23.0
203720.0,2037.2,752,132.0,65.0,41.0,32.0,48.0,30.0,30.0,62.0,45.0,23.0
203800.0,2038.0,542,98.0,40.0,10.0,37.0,46.0,6.0,21.0,45.0,22.0,21.0
203900.0,2039.0,846,109.0,38.0,26.0,42.0,38.0,35.0,40.0,23.0,16.0,24.0
204110.0,2041.1,546,109.0,41.0,15.0,53.0,40.0,13.0,19.0,26.0,34.0,25.0
204120.0,2041.2,252,49.0,25.0,5.0,22.0,15.0,4.0,8.0,16.0,16.0,16.0
204200.0,2042.0,778,106.0,80.0,29.0,36.0,52.0,37.0,44.0,58.0,49.0,38.0
204300.0,2043.0,804,130.0,96.0,25.0,47.0,46.0,24.0,33.0,51.0,56.0,28.0
204410.0,2044.1,537,74.0,41.0,21.0,14.0,45.0,22.0,28.0,42.0,27.0,19.0
204420.0,2044.2,1368,144.0,190.0,32.0,54.0,98.0,63.0,71.0,118.0,80.0,48.0
204600.0,2046.0,1151,176.0,115.0,41.0,55.0,97.0,53.0,61.0,69.0,50.0,66.0
204700.0,2047.0,1104,222.0,92.0,55.0,62.0,63.0,63.0,33.0,55.0,42.0,51.0
204810.0,2048.1,1275,234.0,130.0,41.0,101.0,60.0,51.0,56.0,68.0,53.0,55.0
204820.0,2048.2,461,81.0,71.0,3.0,40.0,17.0,19.0,10.0,33.0,23.0,25.0
204910.0,2049.1,627,118.0,54.0,18.0,26.0,43.0,51.0,25.0,31.0,26.0,33.0
204920.0,2049.2,850,221.0,43.0,26.0,28.0,55.0,53.0,34.0,66.0,19.0,40.0
205110.0,2051.1,538,86.0,43.0,8.0,71.0,20.0,13.0,17.0,18.0,62.0,41.0
205120.0,2051.2,2087,386.0,105.0,106.0,130.0,136.0,171.0,86.0,121.0,66.0,60.0
206010.0,2060.1,1453,168.0,77.0,181.0,49.0,118.0,70.0,52.0,72.0,45.0,47.0
206020.0,2060.2,3587,48.0,582.0,46.0,45.0,137.0,40.0,316.0,133.0,42.0,26.0
206050.0,2060.5,1578,243.0,67.0,92.0,34.0,146.0,177.0,62.0,98.0,31.0,56.0
206051.0,2060.51,4316,604.0,188.0,1141.0,68.0,321.0,351.0,180.0,199.0,73.0,129.0
206052.0,2060.52,2068,188.0,60.0,709.0,90.0,160.0,110.0,109.0,55.0,36.0,55.0
206053.0,2060.53,846,148.0,69.0,28.0,50.0,58.0,39.0,37.0,70.0,35.0,30.0
206054.0,2060.54,563,90.0,43.0,16.0,25.0,48.0,20.0,21.0,67.0,21.0,38.0
206201.0,2062.01,2144,53.0,330.0,128.0,97.0,160.0,77.0,152.0,235.0,99.0,21.0
206202.0,2062.02,2717,131.0,285.0,711.0,82.0,230.0,86.0,138.0,186.0,54.0,48.0
206301.0,2063.01,3050,144.0,443.0,143.0,149.0,127.0,76.0,234.0,366.0,163.0,41.0
206302.0,2063.02,795,14.0,168.0,3.0,61.0,29.0,15.0,57.0,117.0,42.0,3.0
206303.0,2063.03,2647,132.0,468.0,111.0,70.0,118.0,101.0,166.0,351.0,132.0,44.0
207101.0,2071.01,1195,161.0,67.0,137.0,61.0,83.0,72.0,99.0,51.0,40.0,47.0
207102.0,2071.02,1840,138.0,188.0,174.0,67.0,151.0,99.0,129.0,150.0,59.0,43.0
207103.0,2071.03,947,115.0,59.0,106.0,40.0,79.0,58.0,74.0,34.0,24.0,23.0
207303.0,2073.03,1836,99.0,145.0,234.0,57.0,135.0,93.0,150.0,116.0,73.0,29.0
207304.0,2073.04,2870,102.0,318.0,217.0,85.0,139.0,107.0,158.0,195.0,108.0,25.0
207305.0,2073.05,2255,123.0,176.0,479.0,45.0,166.0,75.0,167.0,130.0,58.0,30.0
207306.0,2073.06,2903,192.0,293.0,376.0,120.0,224.0,121.0,184.0,230.0,131.0,60.0
207307.0,2073.07,1063,42.0,128.0,85.0,48.0,52.0,37.0,77.0,92.0,83.0,7.0
207308.0,2073.08,410,25.0,26.0,98.0,9.0,37.0,22.0,25.0,28.0,21.0,4.0
207400.0,2074.0,2793,147.0,267.0,249.0,65.0,403.0,54.0,213.0,155.0,86.0,55.0
207501.0,2075.01,598,56.0,32.0,86.0,27.0,32.0,25.0,46.0,17.0,60.0,18.0
207502.0,2075.02,3495,156.0,316.0,420.0,63.0,255.0,52.0,209.0,117.0,99.0,41.0
207711.0,2077.11,8584,475.0,837.0,860.0,120.0,426.0,103.0,540.0,313.0,156.0,116.0
207712.0,2077.12,4823,402.0,467.0,925.0,115.0,384.0,180.0,297.0,219.0,122.0,123.0
207901.0,2079.01,1066,115.0,102.0,181.0,35.0,75.0,33.0,43.0,50.0,37.0,24.0
207902.0,2079.02,6464,773.0,368.0,1398.0,181.0,496.0,296.0,338.0,256.0,205.0,159.0
208001.0,2080.01,982,149.0,57.0,143.0,51.0,59.0,58.0,54.0,36.0,49.0,45.0
208002.0,2080.02,855,160.0,46.0,90.0,40.0,46.0,41.0,35.0,49.0,40.0,42.0
208301.0,2083.01,134,22.0,13.0,4.0,8.0,5.0,0.0,5.0,8.0,14.0,12.0
208302.0,2083.02,1528,229.0,127.0,73.0,151.0,91.0,45.0,59.0,80.0,109.0,72.0
208401.0,2084.01,746,107.0,55.0,39.0,36.0,58.0,29.0,42.0,41.0,48.0,39.0
208402.0,2084.02,1285,153.0,89.0,53.0,51.0,78.0,43.0,73.0,64.0,41.0,57.0
208501.0,2085.01,365,49.0,25.0,34.0,28.0,25.0,21.0,17.0,20.0,19.0,19.0
208502.0,2085.02,936,121.0,67.0,77.0,62.0,63.0,53.0,48.0,44.0,53.0,63.0
208610.0,2086.1,681,86.0,82.0,33.0,55.0,32.0,33.0,40.0,26.0,28.0,26.0
208620.0,2086.2,1212,177.0,114.0,68.0,72.0,61.0,66.0,59.0,65.0,83.0,57.0
208710.0,2087.1,623,95.0,46.0,42.0,47.0,43.0,30.0,36.0,18.0,45.0,37.0
208720.0,2087.2,917,91.0,114.0,20.0,63.0,60.0,24.0,52.0,96.0,79.0,33.0
208801.0,2088.01,2703,108.0,257.0,53.0,67.0,102.0,39.0,106.0,305.0,93.0,50.0
208802.0,2088.02,1368,130.0,126.0,56.0,273.0,72.0,80.0,59.0,77.0,76.0,45.0
208902.0,2089.02,1523,93.0,185.0,55.0,29.0,83.0,36.0,99.0,158.0,43.0,47.0
208903.0,2089.03,1626,80.0,241.0,32.0,51.0,79.0,21.0,84.0,256.0,106.0,42.0
208904.0,2089.04,611,38.0,95.0,12.0,42.0,41.0,24.0,24.0,63.0,51.0,16.0
209103.0,2091.03,719,72.0,74.0,30.0,75.0,40.0,20.0,39.0,47.0,44.0,33.0
209104.0,2091.04,252,23.0,35.0,7.0,28.0,11.0,15.0,16.0,19.0,14.0,7.0
209105.0,2091.05,547,37.0,59.0,12.0,30.0,41.0,8.0,36.0,29.0,48.0,17.0
209106.0,2091.06,1250,135.0,144.0,93.0,100.0,80.0,46.0,62.0,84.0,52.0,53.0
209201.0,2092.01,1367,182.0,73.0,219.0,89.0,91.0,77.0,105.0,47.0,53.0,65.0
209202.0,2092.02,1288,137.0,68.0,147.0,60.0,94.0,89.0,79.0,51.0,58.0,57.0
209300.0,2093.0,1403,161.0,129.0,129.0,54.0,119.0,53.0,62.0,99.0,79.0,50.0
209401.0,2094.01,1186,148.0,124.0,63.0,72.0,69.0,36.0,65.0,77.0,71.0,49.0
209402.0,2094.02,1168,82.0,142.0,28.0,63.0,53.0,24.0,57.0,156.0,91.0,29.0
209403.0,2094.03,1043,94.0,78.0,26.0,54.0,57.0,29.0,57.0,72.0,63.0,33.0
209510.0,2095.1,775,105.0,85.0,30.0,30.0,61.0,21.0,40.0,56.0,41.0,56.0
209520.0,2095.2,940,120.0,90.0,26.0,33.0,58.0,22.0,58.0,80.0,65.0,36.0
209810.0,2098.1,525,46.0,87.0,19.0,19.0,20.0,20.0,34.0,24.0,20.0,13.0
209820.0,2098.2,657,67.0,74.0,22.0,54.0,29.0,27.0,26.0,44.0,35.0,34.0
210010.0,2100.1,1190,226.0,87.0,77.0,49.0,77.0,32.0,36.0,61.0,90.0,70.0
211000.0,2110.0,1975,141.0,89.0,115.0,121.0,97.0,331.0,125.0,41.0,30.0,52.0
211121.0,2111.21,512,55.0,40.0,28.0,44.0,27.0,21.0,22.0,40.0,39.0,31.0
211122.0,2111.22,1981,196.0,189.0,164.0,84.0,138.0,110.0,192.0,105.0,97.0,72.0
211123.0,2111.23,725,56.0,61.0,49.0,24.0,48.0,26.0,47.0,44.0,20.0,25.0
211124.0,2111.24,1757,126.0,170.0,83.0,66.0,111.0,69.0,105.0,114.0,53.0,42.0
211201.0,2112.01,460,53.0,38.0,32.0,43.0,20.0,30.0,25.0,27.0,34.0,18.0
211202.0,2112.02,853,82.0,91.0,28.0,21.0,69.0,57.0,53.0,47.0,42.0,40.0
211310.0,2113.1,325,30.0,32.0,6.0,27.0,12.0,23.0,19.0,25.0,19.0,11.0
211320.0,2113.2,1245,88.0,122.0,35.0,78.0,92.0,57.0,75.0,78.0,100.0,50.0
211410.0,2114.1,857,108.0,76.0,67.0,34.0,52.0,89.0,38.0,37.0,32.0,40.0
211420.0,2114.2,911,142.0,64.0,61.0,48.0,48.0,76.0,54.0,34.0,53.0,43.0
211500.0,2115.0,1313,201.0,51.0,141.0,67.0,65.0,141.0,67.0,31.0,52.0,92.0
211701.0,2117.01,571,65.0,23.0,50.0,30.0,48.0,57.0,27.0,14.0,11.0,45.0
211703.0,2117.03,710,69.0,59.0,57.0,32.0,35.0,51.0,48.0,42.0,38.0,25.0
211704.0,2117.04,780,87.0,72.0,70.0,49.0,40.0,36.0,61.0,52.0,36.0,22.0
211802.0,2118.02,1741,139.0,156.0,204.0,53.0,104.0,85.0,142.0,90.0,46.0,47.0
211803.0,2118.03,889,117.0,73.0,95.0,58.0,64.0,38.0,61.0,39.0,54.0,40.0
211804.0,2118.04,457,61.0,24.0,38.0,12.0,29.0,32.0,39.0,13.0,28.0,20.0
211910.0,2119.1,938,100.0,74.0,61.0,77.0,43.0,31.0,76.0,45.0,101.0,45.0
211921.0,2119.21,504,46.0,48.0,21.0,23.0,45.0,24.0,40.0,37.0,31.0,16.0
211922.0,2119.22,180,30.0,12.0,14.0,15.0,9.0,3.0,17.0,6.0,19.0,10.0
212101.0,2121.01,1989,193.0,221.0,144.0,67.0,111.0,96.0,160.0,150.0,68.0,71.0
212102.0,2121.02,708,75.0,61.0,74.0,24.0,53.0,20.0,40.0,33.0,26.0,24.0
212202.0,2122.02,755,60.0,72.0,25.0,52.0,52.0,33.0,48.0,58.0,59.0,25.0
212203.0,2122.03,860,54.0,100.0,38.0,25.0,68.0,39.0,57.0,55.0,69.0,23.0
212204.0,2122.04,889,74.0,75.0,74.0,52.0,64.0,36.0,55.0,66.0,70.0,40.0
212303.0,2123.03,663,58.0,53.0,60.0,51.0,34.0,52.0,55.0,37.0,54.0,16.0
212304.0,2123.04,652,47.0,78.0,28.0,40.0,32.0,29.0,48.0,36.0,32.0,16.0
212305.0,2123.05,660,66.0,69.0,30.0,37.0,47.0,21.0,47.0,52.0,61.0,20.0
212306.0,2123.06,528,69.0,58.0,30.0,37.0,26.0,26.0,29.0,40.0,38.0,19.0
212410.0,2124.1,831,100.0,59.0,109.0,44.0,49.0,51.0,59.0,30.0,38.0,37.0
212420.0,2124.2,623,66.0,70.0,21.0,31.0,26.0,42.0,49.0,44.0,47.0,23.0
212501.0,2125.01,271,32.0,17.0,15.0,18.0,8.0,34.0,21.0,10.0,30.0,16.0
212502.0,2125.02,1663,197.0,142.0,170.0,59.0,102.0,90.0,138.0,88.0,87.0,57.0
212610.0,2126.1,1180,146.0,72.0,100.0,45.0,79.0,117.0,73.0,55.0,37.0,70.0
212620.0,2126.2,810,119.0,57.0,67.0,40.0,44.0,53.0,56.0,17.0,40.0,53.0
212701.0,2127.01,657,100.0,38.0,69.0,31.0,44.0,97.0,30.0,11.0,12.0,39.0
212702.0,2127.02,1003,113.0,47.0,73.0,51.0,68.0,126.0,51.0,29.0,17.0,50.0
212800.0,2128.0,1138,138.0,60.0,77.0,76.0,77.0,73.0,70.0,46.0,27.0,51.0
212900.0,2129.0,1028,136.0,64.0,57.0,45.0,59.0,57.0,59.0,40.0,44.0,52.0
213100.0,2131.0,1595,203.0,129.0,125.0,75.0,109.0,113.0,78.0,70.0,56.0,78.0
213201.0,2132.01,1162,152.0,92.0,105.0,65.0,76.0,95.0,59.0,44.0,59.0,48.0
213202.0,2132.02,761,97.0,49.0,58.0,35.0,47.0,85.0,37.0,39.0,37.0,28.0
213310.0,2133.1,969,115.0,67.0,63.0,49.0,71.0,89.0,50.0,43.0,56.0,51.0
213320.0,2133.2,962,105.0,80.0,52.0,60.0,88.0,52.0,44.0,66.0,53.0,41.0
213401.0,2134.01,616,63.0,69.0,30.0,36.0,44.0,25.0,30.0,25.0,48.0,24.0
213402.0,2134.02,1986,220.0,207.0,74.0,122.0,130.0,61.0,89.0,136.0,131.0,86.0
214000.0,2140.0,1155,121.0,60.0,73.0,65.0,104.0,167.0,85.0,26.0,26.0,38.0
214100.0,2141.0,932,107.0,60.0,76.0,58.0,44.0,94.0,52.0,38.0,9.0,42.0
214400.0,2144.0,624,50.0,41.0,61.0,43.0,49.0,36.0,48.0,19.0,20.0,25.0
214501.0,2145.01,2952,83.0,157.0,141.0,80.0,121.0,73.0,306.0,39.0,40.0,47.0
214503.0,2145.03,786,89.0,42.0,72.0,83.0,30.0,23.0,100.0,20.0,39.0,32.0
214504.0,2145.04,220,16.0,7.0,13.0,22.0,11.0,7.0,23.0,2.0,18.0,6.0
214505.0,2145.05,264,20.0,13.0,14.0,30.0,14.0,13.0,31.0,3.0,12.0,11.0
214600.0,2146.0,1065,63.0,85.0,78.0,51.0,92.0,159.0,82.0,21.0,21.0,36.0
214700.0,2147.0,909,80.0,69.0,48.0,51.0,73.0,106.0,67.0,28.0,15.0,24.0
214800.0,2148.0,1330,72.0,96.0,101.0,60.0,76.0,104.0,134.0,48.0,24.0,30.0
214902.0,2149.02,896,52.0,73.0,77.0,79.0,59.0,65.0,93.0,25.0,24.0,22.0
214903.0,2149.03,186,12.0,8.0,17.0,16.0,12.0,19.0,15.0,4.0,7.0,7.0
214904.0,2149.04,321,22.0,14.0,33.0,19.0,34.0,48.0,29.0,9.0,7.0,7.0
215101.0,2151.01,1151,56.0,71.0,194.0,77.0,63.0,71.0,136.0,22.0,29.0,29.0
215102.0,2151.02,1764,77.0,30.0,101.0,57.0,47.0,51.0,107.0,10.0,29.0,42.0
216100.0,2161.0,643,95.0,17.0,46.0,33.0,34.0,75.0,25.0,11.0,16.0,45.0
216201.0,2162.01,526,59.0,24.0,54.0,28.0,29.0,52.0,41.0,18.0,9.0,35.0
216202.0,2162.02,528,66.0,29.0,43.0,37.0,34.0,28.0,28.0,12.0,18.0,41.0
216301.0,2163.01,575,41.0,57.0,26.0,40.0,49.0,63.0,47.0,21.0,10.0,17.0
216302.0,2163.02,726,75.0,35.0,98.0,50.0,43.0,71.0,59.0,15.0,14.0,48.0
216401.0,2164.01,985,88.0,89.0,55.0,63.0,82.0,69.0,68.0,22.0,27.0,34.0
216402.0,2164.02,583,64.0,33.0,57.0,58.0,35.0,49.0,46.0,9.0,21.0,28.0
216700.0,2167.0,861,107.0,50.0,57.0,60.0,55.0,73.0,47.0,25.0,27.0,56.0
216800.0,2168.0,896,72.0,80.0,45.0,68.0,57.0,44.0,48.0,39.0,25.0,46.0
216901.0,2169.01,579,81.0,24.0,47.0,40.0,30.0,58.0,25.0,14.0,18.0,44.0
216902.0,2169.02,524,69.0,37.0,37.0,35.0,28.0,33.0,28.0,19.0,11.0,33.0
217001.0,2170.01,544,58.0,44.0,28.0,32.0,43.0,55.0,34.0,8.0,18.0,17.0
217002.0,2170.02,1225,138.0,93.0,70.0,88.0,102.0,102.0,69.0,32.0,42.0,54.0
217101.0,2171.01,416,53.0,27.0,15.0,35.0,29.0,18.0,31.0,15.0,20.0,25.0
217102.0,2171.02,769,108.0,61.0,32.0,65.0,64.0,42.0,40.0,37.0,29.0,46.0
217200.0,2172.0,2005,186.0,152.0,111.0,86.0,79.0,71.0,123.0,89.0,58.0,98.0
218110.0,2181.1,1216,126.0,150.0,64.0,61.0,77.0,87.0,68.0,93.0,51.0,44.0
218120.0,2181.2,785,101.0,95.0,34.0,50.0,59.0,37.0,44.0,42.0,45.0,34.0
218210.0,2182.1,960,79.0,78.0,13.0,54.0,50.0,22.0,31.0,59.0,54.0,31.0
218220.0,2182.2,1151,153.0,86.0,61.0,83.0,98.0,57.0,80.0,50.0,85.0,57.0
218300.0,2183.0,1404,168.0,105.0,77.0,127.0,86.0,62.0,79.0,81.0,91.0,64.0
218400.0,2184.0,802,131.0,73.0,35.0,71.0,50.0,19.0,29.0,34.0,42.0,40.0
218500.0,2185.0,617,84.0,40.0,32.0,56.0,45.0,16.0,22.0,37.0,19.0,51.0
218600.0,2186.0,660,95.0,59.0,27.0,60.0,29.0,29.0,30.0,51.0,41.0,31.0
218701.0,2187.01,357,59.0,32.0,22.0,28.0,16.0,17.0,17.0,19.0,17.0,15.0
218702.0,2187.02,981,153.0,82.0,31.0,76.0,61.0,29.0,29.0,70.0,51.0,40.0
218800.0,2188.0,574,94.0,40.0,28.0,40.0,38.0,16.0,20.0,32.0,34.0,28.0
218900.0,2189.0,1146,194.0,56.0,63.0,105.0,79.0,33.0,49.0,75.0,69.0,55.0
219010.0,2190.1,715,96.0,67.0,27.0,69.0,48.0,18.0,28.0,48.0,51.0,31.0
219020.0,2190.2,765,134.0,48.0,25.0,42.0,58.0,32.0,25.0,44.0,53.0,40.0
219300.0,2193.0,986,129.0,92.0,34.0,57.0,60.0,23.0,60.0,91.0,41.0,39.0
219500.0,2195.0,693,49.0,33.0,22.0,42.0,35.0,23.0,39.0,24.0,23.0,11.0
219700.0,2197.0,1523,191.0,127.0,51.0,79.0,101.0,69.0,54.0,94.0,64.0,61.0
219800.0,2198.0,780,93.0,50.0,28.0,50.0,52.0,42.0,23.0,45.0,49.0,42.0
219901.0,2199.01,744,105.0,65.0,26.0,56.0,55.0,15.0,21.0,52.0,54.0,25.0
219902.0,2199.02,906,115.0,53.0,44.0,56.0,56.0,44.0,39.0,47.0,45.0,36.0
220000.0,2200.0,1130,157.0,61.0,62.0,110.0,88.0,87.0,33.0,59.0,48.0,45.0
220100.0,2201.0,1388,105.0,82.0,82.0,49.0,53.0,73.0,56.0,74.0,39.0,40.0
221110.0,2211.1,745,85.0,112.0,24.0,44.0,59.0,33.0,34.0,70.0,41.0,26.0
221120.0,2211.2,637,84.0,68.0,22.0,28.0,37.0,20.0,20.0,38.0,36.0,26.0
221210.0,2212.1,938,126.0,110.0,48.0,33.0,58.0,51.0,39.0,64.0,40.0,45.0
221220.0,2212.2,864,117.0,82.0,35.0,26.0,52.0,59.0,39.0,53.0,61.0,40.0
221302.0,2213.02,978,123.0,104.0,39.0,30.0,57.0,48.0,67.0,50.0,41.0,42.0
221303.0,2213.03,661,90.0,78.0,25.0,31.0,31.0,37.0,26.0,31.0,47.0,34.0
221304.0,2213.04,683,83.0,64.0,22.0,48.0,25.0,74.0,44.0,31.0,46.0,26.0
221401.0,2214.01,917,137.0,77.0,38.0,71.0,53.0,31.0,55.0,50.0,54.0,28.0
221402.0,2214.02,733,125.0,60.0,50.0,39.0,53.0,28.0,30.0,37.0,42.0,41.0
221500.0,2215.0,687,112.0,46.0,42.0,50.0,47.0,17.0,20.0,35.0,52.0,37.0
221601.0,2216.01,968,141.0,120.0,36.0,34.0,49.0,29.0,58.0,76.0,33.0,38.0
221602.0,2216.02,827,141.0,72.0,46.0,28.0,55.0,29.0,26.0,46.0,52.0,40.0
221710.0,2217.1,865,125.0,55.0,38.0,30.0,48.0,47.0,79.0,32.0,27.0,43.0
221810.0,2218.1,603,61.0,43.0,23.0,19.0,30.0,28.0,55.0,34.0,20.0,30.0
221820.0,2218.2,678,67.0,24.0,28.0,16.0,31.0,49.0,77.0,10.0,13.0,28.0
221900.0,2219.0,1654,129.0,62.0,49.0,41.0,53.0,50.0,220.0,47.0,25.0,35.0
222001.0,2220.01,579,92.0,42.0,18.0,44.0,36.0,27.0,18.0,54.0,31.0,20.0
222002.0,2220.02,762,98.0,63.0,26.0,62.0,62.0,18.0,28.0,49.0,58.0,33.0
222100.0,2221.0,816,133.0,63.0,24.0,50.0,45.0,35.0,36.0,60.0,45.0,50.0
222200.0,2222.0,943,176.0,83.0,38.0,59.0,49.0,22.0,29.0,80.0,44.0,46.0
222500.0,2225.0,1599,175.0,134.0,50.0,93.0,82.0,47.0,96.0,117.0,73.0,63.0
222600.0,2226.0,1859,219.0,104.0,88.0,67.0,96.0,109.0,149.0,94.0,96.0,96.0
222700.0,2227.0,2583,191.0,155.0,60.0,23.0,70.0,70.0,370.0,72.0,27.0,49.0
224010.0,2240.1,3067,435.0,293.0,443.0,71.0,244.0,187.0,123.0,165.0,88.0,71.0
224020.0,2240.2,3643,525.0,218.0,396.0,235.0,243.0,175.0,135.0,210.0,93.0,89.0
224200.0,2242.0,681,109.0,63.0,37.0,42.0,43.0,36.0,21.0,47.0,44.0,30.0
224310.0,2243.1,522,64.0,84.0,16.0,19.0,30.0,18.0,17.0,29.0,24.0,22.0
224320.0,2243.2,651,98.0,65.0,14.0,40.0,36.0,22.0,44.0,57.0,42.0,24.0
224410.0,2244.1,1224,160.0,80.0,63.0,57.0,71.0,83.0,87.0,39.0,55.0,58.0
224420.0,2244.2,590,77.0,51.0,24.0,19.0,45.0,38.0,26.0,41.0,29.0,14.0
224600.0,2246.0,1810,316.0,125.0,136.0,169.0,117.0,126.0,61.0,123.0,66.0,58.0
224701.0,2247.01,537,50.0,26.0,25.0,7.0,18.0,40.0,50.0,22.0,7.0,15.0
224702.0,2247.02,1599,154.0,155.0,59.0,23.0,92.0,55.0,135.0,66.0,37.0,43.0
226001.0,2260.01,2796,451.0,183.0,372.0,51.0,195.0,251.0,126.0,162.0,75.0,78.0
226002.0,2260.02,6081,882.0,425.0,863.0,78.0,415.0,517.0,240.0,456.0,131.0,202.0
226410.0,2264.1,809,114.0,101.0,21.0,54.0,70.0,14.0,21.0,74.0,49.0,33.0
226420.0,2264.2,1195,227.0,116.0,40.0,78.0,61.0,32.0,39.0,91.0,63.0,66.0
226701.0,2267.01,523,123.0,33.0,15.0,17.0,30.0,20.0,17.0,37.0,29.0,26.0
226702.0,2267.02,1083,176.0,60.0,35.0,60.0,53.0,50.0,56.0,56.0,30.0,46.0
227010.0,2270.1,1057,190.0,92.0,20.0,67.0,56.0,67.0,31.0,87.0,61.0,52.0
227020.0,2270.2,612,129.0,52.0,20.0,35.0,38.0,24.0,25.0,53.0,35.0,34.0
228100.0,2281.0,1031,180.0,105.0,27.0,71.0,64.0,51.0,43.0,81.0,57.0,40.0
228210.0,2282.1,938,148.0,69.0,24.0,56.0,63.0,27.0,31.0,45.0,72.0,28.0
228220.0,2282.2,554,74.0,64.0,11.0,50.0,34.0,13.0,14.0,38.0,52.0,15.0
228310.0,2283.1,1088,190.0,77.0,36.0,54.0,73.0,33.0,20.0,112.0,79.0,36.0
228320.0,2283.2,583,125.0,75.0,17.0,37.0,28.0,14.0,16.0,51.0,32.0,21.0
228410.0,2284.1,689,150.0,63.0,17.0,47.0,36.0,17.0,19.0,57.0,50.0,25.0
228420.0,2284.2,619,114.0,56.0,17.0,43.0,48.0,14.0,15.0,46.0,49.0,23.0
228500.0,2285.0,1282,197.0,145.0,32.0,73.0,61.0,26.0,35.0,140.0,99.0,40.0
228600.0,2286.0,1359,204.0,148.0,33.0,70.0,87.0,54.0,58.0,100.0,104.0,45.0
228710.0,2287.1,278,34.0,38.0,3.0,38.0,21.0,6.0,7.0,19.0,20.0,6.0
228720.0,2287.2,1026,150.0,99.0,17.0,90.0,55.0,52.0,24.0,72.0,84.0,32.0
228800.0,2288.0,1184,173.0,103.0,51.0,91.0,83.0,35.0,34.0,126.0,61.0,37.0
228900.0,2289.0,634,95.0,44.0,11.0,75.0,50.0,22.0,20.0,51.0,40.0,31.0
229100.0,2291.0,1005,156.0,103.0,21.0,97.0,55.0,58.0,29.0,79.0,59.0,42.0
229200.0,2292.0,1320,230.0,156.0,32.0,92.0,73.0,40.0,42.0,106.0,106.0,39.0
229300.0,2293.0,840,112.0,94.0,12.0,70.0,51.0,9.0,31.0,83.0,68.0,27.0
229410.0,2294.1,951,202.0,60.0,37.0,52.0,43.0,43.0,24.0,72.0,78.0,45.0
229420.0,2294.2,1333,270.0,143.0,41.0,64.0,64.0,68.0,43.0,101.0,75.0,49.0
231100.0,2311.0,1508,283.0,113.0,117.0,38.0,119.0,99.0,45.0,116.0,71.0,73.0
231210.0,2312.1,672,58.0,77.0,11.0,50.0,41.0,19.0,26.0,47.0,62.0,23.0
231220.0,2312.2,2163,177.0,280.0,43.0,95.0,101.0,37.0,122.0,156.0,98.0,59.0
231301.0,2313.01,503,79.0,33.0,16.0,50.0,23.0,8.0,9.0,36.0,42.0,20.0
231302.0,2313.02,1442,144.0,137.0,43.0,84.0,93.0,41.0,66.0,158.0,104.0,39.0
231400.0,2314.0,1097,86.0,109.0,21.0,61.0,76.0,24.0,49.0,97.0,71.0,35.0
231500.0,2315.0,1666,225.0,89.0,40.0,114.0,82.0,63.0,52.0,104.0,105.0,76.0
231601.0,2316.01,435,76.0,27.0,15.0,38.0,36.0,18.0,20.0,24.0,38.0,23.0
231602.0,2316.02,728,103.0,85.0,23.0,34.0,34.0,33.0,31.0,63.0,33.0,32.0
231603.0,2316.03,612,90.0,61.0,27.0,26.0,38.0,16.0,15.0,53.0,39.0,36.0
231710.0,2317.1,982,125.0,117.0,27.0,62.0,57.0,24.0,35.0,79.0,71.0,47.0
231720.0,2317.2,1955,238.0,173.0,71.0,93.0,110.0,35.0,66.0,135.0,122.0,58.0
231800.0,2318.0,1634,219.0,110.0,28.0,48.0,81.0,32.0,65.0,127.0,94.0,43.0
231901.0,2319.01,1107,218.0,108.0,43.0,82.0,50.0,31.0,39.0,88.0,84.0,35.0
231902.0,2319.02,673,106.0,66.0,20.0,37.0,39.0,12.0,20.0,58.0,54.0,41.0
232110.0,2321.1,981,160.0,72.0,30.0,55.0,40.0,28.0,25.0,114.0,81.0,34.0
232120.0,2321.2,1579,229.0,148.0,48.0,121.0,84.0,35.0,39.0,154.0,155.0,43.0
232200.0,2322.0,734,107.0,57.0,23.0,30.0,61.0,33.0,26.0,53.0,52.0,41.0
232300.0,2323.0,860,165.0,45.0,38.0,67.0,58.0,29.0,25.0,57.0,38.0,35.0
232401.0,2324.01,1299,175.0,140.0,22.0,82.0,66.0,50.0,53.0,137.0,85.0,46.0
232402.0,2324.02,602,85.0,47.0,23.0,61.0,31.0,31.0,11.0,47.0,43.0,25.0
232500.0,2325.0,2320,320.0,219.0,90.0,134.0,111.0,102.0,109.0,246.0,100.0,62.0
232601.0,2326.01,275,39.0,16.0,7.0,25.0,9.0,7.0,9.0,23.0,18.0,6.0
232602.0,2326.02,1220,158.0,104.0,32.0,110.0,68.0,34.0,49.0,126.0,74.0,42.0
232701.0,2327.01,526,70.0,46.0,20.0,44.0,27.0,13.0,18.0,65.0,33.0,11.0
232702.0,2327.02,1718,278.0,153.0,61.0,88.0,79.0,54.0,54.0,193.0,106.0,39.0
232800.0,2328.0,1221,202.0,117.0,47.0,79.0,68.0,33.0,40.0,116.0,82.0,34.0
234001.0,2340.01,525,76.0,37.0,31.0,41.0,37.0,38.0,16.0,18.0,16.0,34.0
234002.0,2340.02,711,104.0,56.0,24.0,49.0,40.0,21.0,29.0,71.0,39.0,35.0
234200.0,2342.0,987,78.0,76.0,46.0,53.0,59.0,35.0,40.0,49.0,24.0,32.0
234301.0,2343.01,1291,143.0,132.0,44.0,65.0,94.0,42.0,58.0,135.0,59.0,31.0
234302.0,2343.02,826,127.0,48.0,24.0,92.0,62.0,30.0,33.0,40.0,56.0,42.0
234501.0,2345.01,849,115.0,71.0,27.0,74.0,40.0,25.0,30.0,76.0,48.0,24.0
234502.0,2345.02,431,53.0,57.0,11.0,32.0,28.0,22.0,16.0,31.0,25.0,13.0
234600.0,2346.0,1879,269.0,137.0,60.0,136.0,131.0,85.0,56.0,152.0,109.0,59.0
234700.0,2347.0,1257,144.0,79.0,33.0,88.0,80.0,54.0,57.0,131.0,62.0,26.0
234800.0,2348.0,731,136.0,29.0,31.0,74.0,48.0,32.0,20.0,47.0,42.0,31.0
234901.0,2349.01,592,80.0,35.0,27.0,92.0,39.0,15.0,22.0,40.0,45.0,18.0
234902.0,2349.02,1952,174.0,163.0,30.0,182.0,167.0,78.0,68.0,173.0,208.0,31.0
235100.0,2351.0,865,167.0,43.0,39.0,97.0,73.0,43.0,42.0,32.0,24.0,32.0
235201.0,2352.01,628,98.0,59.0,12.0,74.0,38.0,24.0,12.0,40.0,38.0,17.0
235202.0,2352.02,1653,224.0,114.0,41.0,212.0,86.0,68.0,68.0,157.0,106.0,42.0
236001.0,2360.01,865,71.0,46.0,39.0,92.0,45.0,75.0,54.0,54.0,29.0,42.0
236101.0,2361.01,1589,116.0,155.0,54.0,175.0,100.0,51.0,83.0,126.0,83.0,35.0
236102.0,2361.02,875,102.0,85.0,30.0,106.0,70.0,25.0,37.0,39.0,57.0,30.0
236203.0,2362.03,1099,98.0,87.0,38.0,189.0,53.0,24.0,43.0,88.0,72.0,37.0
236204.0,2362.04,1260,116.0,112.0,55.0,260.0,76.0,17.0,35.0,76.0,103.0,31.0
236205.0,2362.05,862,55.0,64.0,45.0,133.0,53.0,22.0,43.0,80.0,72.0,24.0
236206.0,2362.06,932,86.0,65.0,33.0,99.0,62.0,36.0,38.0,64.0,70.0,21.0
236400.0,2364.0,659,100.0,25.0,54.0,76.0,36.0,44.0,20.0,29.0,26.0,31.0
237101.0,2371.01,2322,344.0,196.0,48.0,80.0,94.0,73.0,114.0,185.0,107.0,65.0
237102.0,2371.02,1259,169.0,94.0,54.0,66.0,69.0,42.0,50.0,135.0,70.0,25.0
237201.0,2372.01,1000,158.0,81.0,23.0,64.0,42.0,78.0,27.0,94.0,66.0,31.0
237202.0,2372.02,1790,272.0,138.0,69.0,120.0,104.0,112.0,63.0,163.0,96.0,60.0
237300.0,2373.0,1715,272.0,118.0,44.0,110.0,118.0,70.0,60.0,128.0,120.0,56.0
237401.0,2374.01,983,154.0,61.0,25.0,63.0,52.0,26.0,32.0,106.0,75.0,43.0
237402.0,2374.02,1284,231.0,81.0,40.0,93.0,66.0,50.0,44.0,120.0,71.0,48.0
237500.0,2375.0,1169,152.0,80.0,36.0,98.0,67.0,30.0,36.0,122.0,80.0,42.0
237600.0,2376.0,2029,203.0,149.0,37.0,65.0,95.0,48.0,55.0,244.0,105.0,53.0
237710.0,2377.1,1662,192.0,134.0,51.0,96.0,83.0,57.0,53.0,171.0,112.0,61.0
237720.0,2377.2,1088,147.0,75.0,35.0,66.0,61.0,41.0,20.0,115.0,88.0,35.0
237800.0,2378.0,1332,222.0,95.0,70.0,112.0,49.0,34.0,25.0,133.0,66.0,50.0
237900.0,2379.0,1100,186.0,60.0,50.0,93.0,62.0,57.0,37.0,76.0,54.0,31.0
238000.0,2380.0,1765,266.0,113.0,64.0,153.0,98.0,59.0,50.0,194.0,133.0,31.0
238100.0,2381.0,1715,259.0,141.0,62.0,122.0,94.0,62.0,69.0,144.0,80.0,45.0
238200.0,2382.0,2123,321.0,177.0,72.0,157.0,125.0,76.0,64.0,173.0,146.0,54.0
238310.0,2383.1,1953,216.0,156.0,53.0,144.0,96.0,41.0,51.0,165.0,172.0,53.0
238320.0,2383.2,1985,220.0,147.0,78.0,116.0,109.0,51.0,60.0,283.0,120.0,51.0
238400.0,2384.0,1471,267.0,103.0,61.0,93.0,80.0,50.0,49.0,132.0,73.0,45.0
239201.0,2392.01,873,128.0,92.0,34.0,39.0,41.0,25.0,24.0,100.0,70.0,26.0
239202.0,2392.02,2066,431.0,184.0,63.0,103.0,107.0,98.0,80.0,154.0,121.0,80.0
239310.0,2393.1,1300,191.0,145.0,47.0,70.0,71.0,34.0,36.0,103.0,95.0,39.0
239320.0,2393.2,1257,229.0,110.0,34.0,80.0,71.0,29.0,47.0,123.0,86.0,52.0
239330.0,2393.3,735,157.0,80.0,19.0,25.0,33.0,25.0,38.0,47.0,40.0,16.0
239501.0,2395.01,1004,160.0,76.0,19.0,48.0,63.0,37.0,25.0,99.0,69.0,32.0
239502.0,2395.02,1050,181.0,71.0,18.0,87.0,53.0,20.0,25.0,85.0,70.0,45.0
239601.0,2396.01,1279,190.0,111.0,32.0,70.0,66.0,37.0,35.0,152.0,95.0,44.0
239602.0,2396.02,1269,133.0,94.0,33.0,66.0,73.0,31.0,33.0,95.0,98.0,29.0
239701.0,2397.01,1220,154.0,78.0,25.0,101.0,71.0,33.0,37.0,122.0,99.0,72.0
239702.0,2397.02,1660,218.0,154.0,22.0,102.0,82.0,42.0,64.0,208.0,122.0,57.0
239801.0,2398.01,1023,137.0,73.0,25.0,96.0,56.0,26.0,23.0,126.0,98.0,26.0
239802.0,2398.02,1636,221.0,118.0,39.0,103.0,79.0,74.0,72.0,143.0,122.0,50.0
240010.0,2400.1,1796,235.0,132.0,39.0,87.0,76.0,72.0,73.0,166.0,110.0,52.0
240020.0,2400.2,1525,289.0,112.0,38.0,81.0,67.0,37.0,41.0,180.0,97.0,65.0
240200.0,2402.0,2147,331.0,198.0,77.0,130.0,113.0,55.0,50.0,226.0,167.0,77.0
240301.0,2403.01,852,102.0,66.0,32.0,46.0,35.0,36.0,31.0,96.0,58.0,31.0
240302.0,2403.02,1249,157.0,86.0,51.0,81.0,72.0,41.0,37.0,139.0,91.0,30.0
240401.0,2404.01,1530,216.0,142.0,39.0,99.0,63.0,50.0,45.0,152.0,107.0,67.0
240402.0,2404.02,1688,220.0,147.0,56.0,76.0,72.0,56.0,67.0,167.0,104.0,59.0
240500.0,2405.0,2498,356.0,222.0,82.0,174.0,126.0,76.0,84.0,274.0,171.0,124.0
240600.0,2406.0,2607,406.0,193.0,61.0,168.0,120.0,69.0,93.0,283.0,167.0,124.0
240700.0,2407.0,1678,322.0,122.0,52.0,132.0,95.0,37.0,54.0,150.0,97.0,90.0
240800.0,2408.0,1720,263.0,97.0,53.0,337.0,76.0,32.0,41.0,128.0,127.0,67.0
240901.0,2409.01,672,91.0,52.0,16.0,77.0,34.0,13.0,12.0,78.0,39.0,35.0
240902.0,2409.02,1495,199.0,147.0,35.0,120.0,72.0,44.0,37.0,133.0,99.0,65.0
241001.0,2410.01,1602,195.0,118.0,35.0,168.0,76.0,35.0,53.0,225.0,94.0,73.0
241002.0,2410.02,1039,181.0,58.0,42.0,111.0,47.0,17.0,38.0,108.0,77.0,42.0
241110.0,2411.1,424,64.0,63.0,3.0,42.0,20.0,22.0,15.0,29.0,28.0,16.0
241120.0,2411.2,2773,343.0,219.0,58.0,202.0,143.0,48.0,66.0,269.0,199.0,202.0
241201.0,2412.01,968,134.0,73.0,26.0,55.0,63.0,20.0,29.0,118.0,76.0,28.0
241202.0,2412.02,2321,416.0,192.0,70.0,139.0,117.0,38.0,70.0,190.0,149.0,107.0
241300.0,2413.0,889,148.0,51.0,40.0,53.0,47.0,17.0,26.0,48.0,54.0,29.0
241400.0,2414.0,1274,188.0,102.0,46.0,133.0,64.0,38.0,32.0,136.0,95.0,56.0
242000.0,2420.0,1064,137.0,85.0,40.0,103.0,58.0,14.0,28.0,103.0,81.0,47.0
242100.0,2421.0,1263,119.0,92.0,33.0,73.0,78.0,34.0,67.0,100.0,67.0,29.0
242201.0,2422.01,651,99.0,42.0,11.0,65.0,26.0,24.0,26.0,50.0,53.0,17.0
242202.0,2422.02,806,94.0,63.0,20.0,69.0,50.0,18.0,23.0,97.0,69.0,23.0
242300.0,2423.0,1600,168.0,133.0,29.0,132.0,117.0,47.0,52.0,137.0,107.0,48.0
242600.0,2426.0,1816,175.0,157.0,36.0,221.0,94.0,36.0,38.0,162.0,164.0,38.0
242700.0,2427.0,1353,171.0,131.0,47.0,86.0,58.0,36.0,32.0,191.0,96.0,39.0
243001.0,2430.01,636,83.0,79.0,9.0,47.0,36.0,14.0,15.0,64.0,57.0,23.0
243002.0,2430.02,554,98.0,52.0,19.0,47.0,29.0,9.0,10.0,52.0,44.0,13.0
243100.0,2431.0,1595,163.0,118.0,89.0,183.0,113.0,26.0,40.0,155.0,112.0,38.0
261102.0,2611.02,463,16.0,22.0,15.0,51.0,29.0,74.0,24.0,12.0,17.0,8.0
261103.0,2611.03,188,16.0,4.0,15.0,14.0,9.0,30.0,9.0,3.0,4.0,9.0
261104.0,2611.04,225,11.0,17.0,23.0,26.0,11.0,31.0,12.0,7.0,7.0,8.0
261200.0,2612.0,419,25.0,28.0,20.0,73.0,24.0,44.0,27.0,6.0,10.0,13.0
262100.0,2621.0,466,24.0,29.0,8.0,51.0,24.0,90.0,30.0,6.0,9.0,10.0
262200.0,2622.0,705,44.0,51.0,39.0,82.0,31.0,98.0,50.0,4.0,25.0,29.0
262301.0,2623.01,200,13.0,13.0,29.0,20.0,8.0,33.0,10.0,3.0,6.0,6.0
262302.0,2623.02,402,31.0,24.0,27.0,36.0,22.0,55.0,33.0,8.0,11.0,13.0
262303.0,2623.03,232,15.0,7.0,10.0,49.0,13.0,41.0,11.0,2.0,8.0,9.0
262400.0,2624.0,223,13.0,14.0,15.0,37.0,10.0,34.0,9.0,2.0,1.0,7.0
262501.0,2625.01,353,18.0,21.0,45.0,26.0,24.0,31.0,13.0,2.0,3.0,14.0
262601.0,2626.01,174,9.0,7.0,3.0,43.0,5.0,24.0,8.0,2.0,11.0,3.0
262604.0,2626.04,985,55.0,41.0,290.0,74.0,48.0,95.0,57.0,6.0,19.0,52.0
262704.0,2627.04,583,33.0,37.0,106.0,38.0,24.0,34.0,40.0,12.0,15.0,32.0
262706.0,2627.06,507,33.0,31.0,54.0,44.0,29.0,60.0,34.0,10.0,7.0,21.0
262802.0,2628.02,489,48.0,34.0,30.0,47.0,25.0,73.0,20.0,7.0,4.0,27.0
264000.0,2640.0,533,39.0,28.0,29.0,47.0,21.0,107.0,25.0,5.0,8.0,24.0
264102.0,2641.02,423,31.0,15.0,43.0,49.0,22.0,37.0,42.0,4.0,9.0,23.0
264103.0,2641.03,367,24.0,19.0,29.0,30.0,35.0,43.0,23.0,7.0,13.0,15.0
264303.0,2643.03,548,45.0,20.0,52.0,59.0,39.0,77.0,50.0,4.0,10.0,29.0
264304.0,2643.04,725,65.0,42.0,72.0,62.0,45.0,39.0,51.0,12.0,26.0,46.0
264305.0,2643.05,694,42.0,27.0,78.0,40.0,55.0,103.0,43.0,13.0,9.0,26.0
264306.0,2643.06,357,23.0,9.0,40.0,29.0,25.0,34.0,33.0,3.0,6.0,19.0
265100.0,2651.0,366,19.0,21.0,19.0,46.0,22.0,40.0,12.0,6.0,14.0,5.0
265201.0,2652.01,331,15.0,14.0,7.0,61.0,27.0,32.0,20.0,4.0,15.0,10.0
265203.0,2652.03,244,19.0,16.0,15.0,28.0,21.0,18.0,15.0,5.0,7.0,6.0
265204.0,2652.04,1402,36.0,139.0,42.0,33.0,109.0,82.0,141.0,37.0,14.0,23.0
265301.0,2653.01,306,16.0,36.0,7.0,10.0,14.0,15.0,53.0,12.0,4.0,12.0
265303.0,2653.03,246,27.0,10.0,24.0,16.0,12.0,14.0,42.0,3.0,6.0,15.0
265304.0,2653.04,215,19.0,13.0,12.0,21.0,13.0,26.0,35.0,1.0,2.0,11.0
265306.0,2653.06,96,6.0,11.0,4.0,1.0,7.0,3.0,11.0,3.0,1.0,4.0
265307.0,2653.07,187,11.0,25.0,8.0,10.0,15.0,10.0,31.0,5.0,1.0,7.0
265410.0,2654.1,180,14.0,5.0,15.0,24.0,13.0,26.0,9.0,1.0,3.0,15.0
265420.0,2654.2,214,17.0,3.0,22.0,22.0,10.0,39.0,14.0,0.0,5.0,15.0
265521.0,2655.21,447,25.0,29.0,55.0,25.0,44.0,29.0,59.0,7.0,16.0,24.0
265522.0,2655.22,427,15.0,45.0,18.0,21.0,35.0,33.0,41.0,8.0,8.0,17.0
265523.0,2655.23,690,40.0,46.0,50.0,44.0,55.0,85.0,50.0,13.0,13.0,27.0
265524.0,2655.24,537,47.0,21.0,50.0,36.0,33.0,58.0,43.0,10.0,18.0,23.0
265601.0,2656.01,422,29.0,20.0,26.0,47.0,33.0,39.0,26.0,4.0,13.0,24.0
265602.0,2656.02,283,17.0,15.0,22.0,31.0,16.0,51.0,16.0,0.0,13.0,7.0
265701.0,2657.01,365,21.0,28.0,27.0,31.0,21.0,34.0,34.0,6.0,9.0,16.0
265702.0,2657.02,282,26.0,12.0,21.0,37.0,15.0,31.0,22.0,2.0,13.0,16.0
267101.0,2671.01,387,42.0,10.0,31.0,37.0,19.0,49.0,29.0,0.0,13.0,19.0
267102.0,2671.02,596,48.0,35.0,45.0,65.0,29.0,96.0,37.0,11.0,18.0,26.0
267201.0,2672.01,1018,95.0,71.0,62.0,66.0,71.0,123.0,64.0,34.0,16.0,58.0
267202.0,2672.02,986,69.0,77.0,75.0,73.0,77.0,129.0,69.0,19.0,16.0,46.0
267300.0,2673.0,1155,86.0,111.0,117.0,90.0,106.0,38.0,105.0,40.0,31.0,51.0
267403.0,2674.03,526,57.0,25.0,82.0,40.0,31.0,27.0,52.0,4.0,8.0,26.0
267404.0,2674.04,446,53.0,25.0,39.0,28.0,17.0,33.0,51.0,10.0,12.0,23.0
267405.0,2674.05,663,67.0,44.0,72.0,44.0,43.0,46.0,66.0,12.0,12.0,23.0
267406.0,2674.06,520,51.0,34.0,60.0,42.0,49.0,35.0,52.0,12.0,9.0,19.0
267502.0,2675.02,698,72.0,60.0,37.0,35.0,54.0,60.0,45.0,26.0,15.0,35.0
267503.0,2675.03,433,52.0,28.0,30.0,40.0,39.0,45.0,33.0,9.0,12.0,13.0
267504.0,2675.04,1999,63.0,26.0,57.0,57.0,39.0,34.0,89.0,12.0,12.0,24.0
267600.0,2676.0,1589,108.0,110.0,76.0,79.0,116.0,196.0,160.0,40.0,34.0,52.0
267700.0,2677.0,1289,101.0,67.0,140.0,62.0,87.0,137.0,123.0,18.0,25.0,57.0
267800.0,2678.0,1451,65.0,106.0,50.0,215.0,107.0,218.0,84.0,28.0,22.0,43.0
267901.0,2679.01,2113,28.0,122.0,89.0,61.0,91.0,45.0,181.0,18.0,14.0,18.0
267902.0,2679.02,653,53.0,20.0,61.0,65.0,37.0,112.0,39.0,5.0,14.0,27.0
269000.0,2690.0,767,85.0,34.0,60.0,68.0,49.0,92.0,41.0,7.0,20.0,33.0
269100.0,2691.0,734,80.0,34.0,58.0,59.0,55.0,75.0,41.0,10.0,15.0,36.0
269300.0,2693.0,716,65.0,82.0,62.0,48.0,51.0,89.0,29.0,9.0,12.0,36.0
269500.0,2695.0,536,72.0,42.0,36.0,53.0,23.0,68.0,26.0,4.0,16.0,19.0
269601.0,2696.01,1263,105.0,85.0,44.0,54.0,71.0,46.0,79.0,25.0,39.0,40.0
269602.0,2696.02,310,59.0,14.0,19.0,18.0,16.0,17.0,12.0,10.0,23.0,17.0
269700.0,2697.0,950,135.0,54.0,64.0,44.0,79.0,83.0,42.0,17.0,29.0,53.0
269800.0,2698.0,787,111.0,33.0,81.0,50.0,43.0,64.0,41.0,8.0,39.0,43.0
269903.0,2699.03,907,128.0,52.0,67.0,54.0,55.0,65.0,62.0,21.0,28.0,45.0
269905.0,2699.05,465,56.0,21.0,29.0,36.0,38.0,39.0,35.0,16.0,27.0,21.0
269906.0,2699.06,432,81.0,9.0,41.0,34.0,30.0,25.0,25.0,7.0,12.0,22.0
269907.0,2699.07,723,126.0,24.0,57.0,55.0,56.0,38.0,50.0,13.0,14.0,40.0
269908.0,2699.08,324,44.0,13.0,27.0,28.0,24.0,23.0,21.0,3.0,15.0,13.0
269909.0,2699.09,305,58.0,6.0,30.0,23.0,10.0,18.0,17.0,3.0,10.0,28.0
270101.0,2701.01,922,119.0,66.0,57.0,52.0,61.0,48.0,76.0,53.0,14.0,45.0
270102.0,2701.02,207,18.0,7.0,18.0,7.0,18.0,12.0,17.0,5.0,2.0,9.0
270200.0,2702.0,834,114.0,66.0,53.0,44.0,67.0,64.0,36.0,33.0,36.0,41.0
270300.0,2703.0,1165,103.0,100.0,53.0,41.0,93.0,143.0,55.0,77.0,51.0,48.0
271100.0,2711.0,619,56.0,35.0,55.0,42.0,37.0,75.0,50.0,14.0,6.0,32.0
271200.0,2712.0,678,71.0,50.0,39.0,36.0,47.0,61.0,42.0,20.0,16.0,32.0
271300.0,2713.0,982,112.0,43.0,70.0,59.0,46.0,137.0,61.0,22.0,11.0,58.0
271400.0,2714.0,395,45.0,12.0,24.0,32.0,18.0,68.0,16.0,4.0,8.0,17.0
271500.0,2715.0,440,38.0,12.0,26.0,39.0,26.0,97.0,25.0,6.0,5.0,22.0
271600.0,2716.0,587,48.0,19.0,57.0,40.0,29.0,74.0,47.0,10.0,21.0,35.0
271702.0,2717.02,999,99.0,51.0,82.0,84.0,62.0,71.0,100.0,32.0,23.0,72.0
271703.0,2717.03,432,54.0,14.0,65.0,32.0,22.0,45.0,19.0,5.0,5.0,33.0
271704.0,2717.04,673,85.0,28.0,74.0,62.0,42.0,68.0,59.0,6.0,15.0,46.0
271801.0,2718.01,710,88.0,28.0,37.0,57.0,45.0,59.0,62.0,18.0,26.0,58.0
271803.0,2718.03,337,32.0,24.0,17.0,20.0,20.0,36.0,23.0,8.0,13.0,11.0
271804.0,2718.04,358,47.0,25.0,31.0,13.0,13.0,25.0,22.0,5.0,9.0,30.0
271901.0,2719.01,481,61.0,23.0,40.0,33.0,27.0,44.0,36.0,16.0,11.0,46.0
271902.0,2719.02,815,96.0,37.0,50.0,42.0,44.0,91.0,57.0,32.0,13.0,39.0
272100.0,2721.0,795,89.0,46.0,54.0,40.0,46.0,73.0,41.0,25.0,22.0,42.0
272201.0,2722.01,170,23.0,3.0,12.0,8.0,11.0,7.0,9.0,4.0,6.0,13.0
272202.0,2722.02,527,61.0,21.0,24.0,51.0,32.0,31.0,33.0,12.0,23.0,34.0
272301.0,2723.01,301,45.0,19.0,27.0,23.0,16.0,18.0,17.0,4.0,7.0,15.0
272302.0,2723.02,536,72.0,25.0,25.0,56.0,37.0,29.0,32.0,20.0,18.0,25.0
273100.0,2731.0,1151,102.0,75.0,97.0,33.0,89.0,96.0,88.0,58.0,28.0,30.0
273200.0,2732.0,1063,99.0,89.0,59.0,40.0,88.0,68.0,83.0,51.0,24.0,41.0
273300.0,2733.0,1142,103.0,68.0,66.0,64.0,77.0,116.0,91.0,57.0,21.0,41.0
273403.0,2734.03,1234,56.0,185.0,60.0,30.0,66.0,72.0,89.0,173.0,44.0,15.0
273404.0,2734.04,1468,92.0,141.0,91.0,40.0,149.0,95.0,115.0,167.0,36.0,27.0
273502.0,2735.02,2246,144.0,277.0,92.0,54.0,148.0,168.0,184.0,225.0,51.0,55.0
273600.0,2736.0,1021,120.0,55.0,65.0,43.0,76.0,114.0,63.0,42.0,5.0,37.0
273700.0,2737.0,744,85.0,36.0,48.0,50.0,55.0,60.0,50.0,26.0,34.0,41.0
273800.0,2738.0,652,65.0,33.0,47.0,31.0,50.0,52.0,44.0,24.0,10.0,36.0
273902.0,2739.02,1441,119.0,95.0,120.0,54.0,121.0,144.0,102.0,75.0,47.0,36.0
274100.0,2741.0,1566,162.0,82.0,124.0,81.0,126.0,130.0,139.0,56.0,33.0,75.0
274202.0,2742.02,933,82.0,60.0,51.0,79.0,57.0,125.0,82.0,41.0,16.0,28.0
275101.0,2751.01,227,33.0,16.0,12.0,6.0,10.0,18.0,15.0,9.0,7.0,10.0
275102.0,2751.02,539,57.0,29.0,21.0,40.0,25.0,31.0,27.0,27.0,23.0,28.0
275200.0,2752.0,681,63.0,31.0,30.0,53.0,47.0,54.0,45.0,16.0,33.0,34.0
275311.0,2753.11,739,83.0,34.0,40.0,39.0,47.0,63.0,48.0,18.0,36.0,63.0
275312.0,2753.12,192,16.0,14.0,15.0,16.0,14.0,29.0,9.0,2.0,3.0,9.0
275313.0,2753.13,808,78.0,34.0,48.0,59.0,48.0,72.0,67.0,24.0,32.0,36.0
275400.0,2754.0,881,87.0,35.0,84.0,67.0,35.0,83.0,64.0,18.0,25.0,47.0
275500.0,2755.0,818,79.0,65.0,28.0,78.0,69.0,41.0,40.0,35.0,43.0,38.0
275603.0,2756.03,565,84.0,18.0,35.0,24.0,40.0,51.0,35.0,15.0,18.0,43.0
275604.0,2756.04,1396,128.0,28.0,111.0,98.0,62.0,184.0,144.0,19.0,42.0,83.0
275605.0,2756.05,1015,97.0,31.0,143.0,34.0,60.0,65.0,96.0,30.0,15.0,45.0
276000.0,2760.0,1231,164.0,44.0,98.0,74.0,50.0,128.0,107.0,28.0,37.0,65.0
276101.0,2761.01,532,69.0,16.0,37.0,20.0,20.0,30.0,44.0,16.0,16.0,22.0
276102.0,2761.02,1775,165.0,51.0,83.0,65.0,67.0,91.0,108.0,30.0,31.0,58.0
276400.0,2764.0,410,67.0,4.0,39.0,35.0,17.0,63.0,22.0,5.0,11.0,21.0
276500.0,2765.0,450,59.0,16.0,28.0,24.0,34.0,33.0,30.0,7.0,9.0,20.0
276601.0,2766.01,825,92.0,36.0,77.0,48.0,57.0,116.0,44.0,23.0,26.0,44.0
276605.0,2766.05,334,54.0,8.0,51.0,30.0,9.0,14.0,26.0,1.0,12.0,25.0
276606.0,2766.06,252,45.0,3.0,32.0,24.0,7.0,13.0,6.0,0.0,8.0,13.0
276607.0,2766.07,276,37.0,17.0,40.0,12.0,19.0,16.0,16.0,10.0,6.0,16.0
276608.0,2766.08,634,88.0,43.0,67.0,39.0,24.0,15.0,60.0,17.0,21.0,30.0
277000.0,2770.0,814,83.0,19.0,66.0,64.0,42.0,140.0,48.0,13.0,19.0,52.0
277100.0,2771.0,599,90.0,16.0,48.0,31.0,37.0,72.0,43.0,12.0,12.0,38.0
277200.0,2772.0,1977,389.0,88.0,95.0,55.0,89.0,60.0,87.0,42.0,47.0,126.0
277400.0,2774.0,402,54.0,22.0,77.0,7.0,23.0,11.0,29.0,15.0,17.0,12.0
278001.0,2780.01,1467,128.0,105.0,130.0,57.0,71.0,66.0,99.0,48.0,30.0,57.0
278102.0,2781.02,802,94.0,18.0,103.0,39.0,43.0,83.0,45.0,24.0,23.0,36.0
291110.0,2911.1,1213,188.0,102.0,39.0,96.0,81.0,55.0,42.0,98.0,81.0,39.0
291120.0,2911.2,849,178.0,38.0,34.0,29.0,49.0,54.0,39.0,63.0,39.0,35.0
291130.0,2911.3,802,177.0,47.0,31.0,33.0,42.0,32.0,32.0,56.0,35.0,34.0
291210.0,2912.1,959,247.0,58.0,37.0,69.0,49.0,42.0,54.0,43.0,65.0,37.0
291220.0,2912.2,492,83.0,34.0,21.0,50.0,22.0,21.0,16.0,36.0,33.0,24.0
291300.0,2913.0,996,191.0,52.0,92.0,25.0,64.0,45.0,50.0,39.0,36.0,65.0
292001.0,2920.01,1616,216.0,96.0,100.0,55.0,101.0,152.0,78.0,71.0,59.0,54.0
292002.0,2920.02,216,45.0,16.0,11.0,17.0,5.0,4.0,12.0,17.0,13.0,9.0
293203.0,2932.03,432,59.0,39.0,10.0,26.0,27.0,30.0,17.0,22.0,32.0,13.0
293204.0,2932.04,369,70.0,25.0,12.0,14.0,20.0,27.0,17.0,25.0,18.0,14.0
293205.0,2932.05,784,120.0,56.0,20.0,48.0,65.0,53.0,27.0,37.0,41.0,32.0
293206.0,2932.06,342,50.0,39.0,5.0,35.0,26.0,6.0,11.0,19.0,20.0,12.0
293301.0,2933.01,319,65.0,10.0,18.0,20.0,20.0,30.0,15.0,11.0,9.0,14.0
293302.0,2933.02,720,104.0,66.0,37.0,35.0,47.0,47.0,28.0,33.0,25.0,33.0
293304.0,2933.04,725,123.0,54.0,31.0,37.0,40.0,19.0,23.0,48.0,45.0,27.0
293306.0,2933.06,388,70.0,22.0,20.0,28.0,27.0,22.0,16.0,17.0,13.0,20.0
293307.0,2933.07,431,62.0,19.0,27.0,34.0,21.0,17.0,14.0,28.0,36.0,19.0
294110.0,2941.1,1020,80.0,46.0,18.0,43.0,49.0,62.0,38.0,44.0,33.0,28.0
294120.0,2941.2,415,79.0,29.0,12.0,20.0,28.0,14.0,12.0,15.0,25.0,24.0
294200.0,2942.0,859,145.0,68.0,16.0,41.0,59.0,45.0,19.0,51.0,56.0,36.0
294301.0,2943.01,524,73.0,37.0,11.0,15.0,24.0,107.0,12.0,22.0,18.0,28.0
294302.0,2943.02,944,143.0,104.0,39.0,46.0,50.0,38.0,33.0,50.0,78.0,41.0
294410.0,2944.1,976,135.0,51.0,51.0,92.0,52.0,54.0,40.0,51.0,59.0,41.0
294421.0,2944.21,803,107.0,79.0,46.0,22.0,44.0,61.0,32.0,51.0,41.0,42.0
294510.0,2945.1,528,83.0,42.0,14.0,31.0,31.0,10.0,9.0,30.0,38.0,28.0
294520.0,2945.2,630,130.0,43.0,17.0,30.0,38.0,30.0,25.0,49.0,41.0,29.0
294610.0,2946.1,695,83.0,67.0,20.0,33.0,55.0,42.0,22.0,40.0,57.0,24.0
294620.0,2946.2,749,132.0,73.0,17.0,35.0,42.0,19.0,15.0,71.0,45.0,25.0
294701.0,2947.01,1607,248.0,164.0,49.0,53.0,96.0,114.0,51.0,138.0,82.0,55.0
294810.0,2948.1,749,108.0,81.0,13.0,24.0,47.0,32.0,17.0,64.0,58.0,38.0
294820.0,2948.2,1007,110.0,99.0,21.0,50.0,57.0,53.0,48.0,59.0,76.0,23.0
294830.0,2948.3,1104,154.0,81.0,27.0,41.0,85.0,50.0,46.0,79.0,81.0,45.0
294900.0,2949.0,834,152.0,75.0,14.0,64.0,54.0,23.0,21.0,36.0,98.0,25.0
295103.0,2951.03,844,119.0,45.0,43.0,26.0,35.0,71.0,40.0,25.0,21.0,31.0
296210.0,2962.1,737,123.0,49.0,31.0,40.0,42.0,15.0,26.0,69.0,60.0,29.0
296220.0,2962.2,1933,240.0,152.0,126.0,105.0,158.0,85.0,92.0,125.0,114.0,66.0
296300.0,2963.0,815,93.0,69.0,69.0,51.0,63.0,54.0,38.0,33.0,42.0,34.0
296401.0,2964.01,330,46.0,20.0,24.0,32.0,23.0,16.0,17.0,11.0,10.0,23.0
296402.0,2964.02,396,86.0,17.0,21.0,15.0,25.0,21.0,17.0,16.0,22.0,27.0
296500.0,2965.0,841,173.0,56.0,27.0,27.0,49.0,37.0,31.0,51.0,50.0,32.0
296600.0,2966.0,2095,300.0,198.0,81.0,75.0,155.0,132.0,92.0,142.0,97.0,84.0
296901.0,2969.01,1026,172.0,99.0,33.0,61.0,55.0,67.0,37.0,52.0,68.0,31.0
296902.0,2969.02,703,110.0,67.0,27.0,38.0,53.0,31.0,42.0,27.0,41.0,21.0
297001.0,2970.01,191,28.0,6.0,16.0,14.0,9.0,16.0,15.0,11.0,7.0,10.0
297002.0,2970.02,569,97.0,28.0,43.0,29.0,35.0,23.0,25.0,10.0,27.0,31.0
297110.0,2971.1,1706,236.0,157.0,76.0,90.0,97.0,105.0,75.0,127.0,120.0,53.0
297120.0,2971.2,742,103.0,56.0,25.0,35.0,52.0,28.0,23.0,39.0,62.0,25.0
297201.0,2972.01,762,102.0,84.0,26.0,42.0,47.0,25.0,36.0,42.0,65.0,29.0
297202.0,2972.02,795,109.0,61.0,15.0,46.0,75.0,35.0,28.0,40.0,50.0,36.0
297300.0,2973.0,268,32.0,24.0,26.0,22.0,20.0,15.0,10.0,16.0,9.0,10.0
297400.0,2974.0,347,38.0,15.0,34.0,22.0,22.0,33.0,23.0,5.0,5.0,19.0
297501.0,2975.01,206,26.0,9.0,11.0,18.0,11.0,9.0,10.0,10.0,8.0,12.0
297502.0,2975.02,464,71.0,34.0,21.0,20.0,36.0,17.0,20.0,17.0,36.0,16.0
297601.0,2976.01,409,43.0,33.0,18.0,27.0,27.0,25.0,16.0,19.0,31.0,16.0
297602.0,2976.02,676,105.0,48.0,24.0,41.0,44.0,30.0,23.0,29.0,72.0,28.0
301601.0,3016.01,7,3.0,0.0,0.0,0.0,0.0,1.0,0.0,1.0,0.0,1.0
301702.0,3017.02,26,6.0,1.0,1.0,4.0,2.0,3.0,0.0,0.0,0.0,0.0
311100.0,3111.0,24,2.0,0.0,2.0,1.0,1.0,3.0,1.0,2.0,5.0,0.0
311200.0,3112.0,11,0.0,0.0,1.0,0.0,2.0,2.0,0.0,0.0,1.0,0.0
311400.0,3114.0,15,1.0,1.0,3.0,2.0,0.0,0.0,1.0,0.0,1.0,0.0
320201.0,3202.01,7,0.0,0.0,0.0,0.0,2.0,1.0,0.0,0.0,1.0,0.0
320300.0,3203.0,10,1.0,0.0,0.0,2.0,0.0,0.0,0.0,1.0,0.0,0.0
460800.0,4608.0,4,0.0,0.0,1.0,0.0,1.0,0.0,0.0,0.0,0.0,2.0
530901.0,5309.01,23,1.0,0.0,0.0,0.0,4.0,1.0,1.0,0.0,0.0,0.0
532800.0,5328.0,15,5.0,0.0,1.0,0.0,0.0,0.0,0.0,1.0,2.0,1.0
532900.0,5329.0,9,6.0,0.0,0.0,0.0,0.0,0.0,0.0,0.0,0.0,1.0
535001.0,5350.01,87,19.0,4.0,4.0,0.0,1.0,0.0,1.0,18.0,4.0,1.0
535101.0,5351.01,174,18.0,16.0,7.0,1.0,7.0,1.0,5.0,38.0,8.0,6.0
535200.0,5352.0,36,9.0,1.0,1.0,3.0,0.0,1.0,0.0,5.0,0.0,2.0
535400.0,5354.0,191,26.0,9.0,12.0,11.0,15.0,4.0,3.0,26.0,14.0,5.0
540400.0,5404.0,38,3.0,3.0,4.0,3.0,1.0,0.0,2.0,7.0,1.0,3.0
540501.0,5405.01,4,2.0,1.0,0.0,0.0,0.0,0.0,0.0,1.0,0.0,0.0
540600.0,5406.0,45,5.0,6.0,6.0,0.0,2.0,2.0,0.0,8.0,4.0,0.0
540700.0,5407.0,9,0.0,2.0,0.0,1.0,1.0,0.0,1.0,0.0,0.0,1.0
541003.0,5410.03,173,66.0,2.0,6.0,5.0,12.0,19.0,6.0,3.0,2.0,6.0
543400.0,5434.0,1,0.0,0.0,0.0,0.0,0.0,0.0,0.0,0.0,0.0,0.0
543501.0,5435.01,47,17.0,1.0,2.0,0.0,4.0,2.0,1.0,1.0,0.0,4.0
543502.0,5435.02,15,1.0,0.0,2.0,0.0,5.0,0.0,2.0,1.0,0.0,1.0
543503.0,5435.03,13,2.0,1.0,0.0,1.0,2.0,0.0,0.0,0.0,2.0,1.0
600304.0,6003.04,60,3.0,8.0,0.0,0.0,4.0,1.0,4.0,4.0,3.0,0.0
600801.0,6008.01,12,2.0,3.0,1.0,1.0,0.0,0.0,0.0,2.0,0.0,1.0
602801.0,6028.01,79,6.0,8.0,1.0,2.0,3.0,1.0,3.0,12.0,13.0,1.0
603101.0,6031.01,3,0.0,0.0,0.0,0.0,0.0,0.0,0.0,3.0,0.0,0.0
603200.0,6032.0,17,6.0,2.0,1.0,0.0,0.0,3.0,0.0,0.0,2.0,0.0
609900.0,6099.0,14,4.0,0.0,2.0,1.0,1.0,0.0,1.0,0.0,0.0,1.0
620001.0,6200.01,3,1.0,1.0,0.0,0.0,1.0,0.0,0.0,0.0,0.0,0.0
620101.0,6201.01,4,0.0,0.0,0.0,0.0,0.0,0.0,0.0,0.0,0.0,0.0
650101.0,6501.01,23,12.0,2.0,0.0,0.0,3.0,0.0,0.0,0.0,0.0,0.0
650901.0,6509.01,38,9.0,1.0,0.0,2.0,2.0,1.0,2.0,3.0,2.0,1.0
670701.0,6707.01,3,0.0,0.0,0.0,0.0,0.0,0.0,0.0,0.0,0.0,0.0
700102.0,7001.02,8,1.0,0.0,1.0,0.0,1.0,0.0,0.0,0.0,0.0,1.0
700501.0,7005.01,2,1.0,0.0,0.0,0.0,0.0,0.0,0.0,1.0,0.0,0.0
700802.0,7008.02,12,1.0,1.0,3.0,1.0,0.0,2.0,1.0,0.0,1.0,0.0
701602.0,7016.02,7,0.0,0.0,1.0,0.0,0.0,2.0,2.0,0.0,0.0,0.0
701701.0,7017.01,43,4.0,7.0,3.0,3.0,3.0,5.0,0.0,0.0,2.0,3.0
701801.0,7018.01,9,1.0,0.0,1.0,2.0,0.0,1.0,0.0,0.0,1.0,0.0
702102.0,7021.02,37,2.0,1.0,0.0,20.0,2.0,4.0,0.0,0.0,3.0,0.0
702502.0,7025.02,80,7.0,0.0,45.0,0.0,3.0,6.0,0.0,0.0,0.0,3.0
702600.0,7026.0,5,1.0,0.0,1.0,0.0,0.0,0.0,0.0,1.0,0.0,0.0
702802.0,7028.02,33,4.0,2.0,1.0,5.0,1.0,0.0,0.0,1.0,2.0,3.0
702803.0,7028.03,29,3.0,3.0,2.0,1.0,3.0,4.0,0.0,0.0,0.0,1.0
702900.0,7029.0,32,4.0,2.0,4.0,4.0,1.0,0.0,3.0,0.0,1.0,1.0
703200.0,7032.0,23,3.0,3.0,3.0,2.0,0.0,1.0,2.0,0.0,0.0,2.0
930400.0,9304.0,1,0.0,0.0,0.0,1.0,0.0,0.0,0.0,0.0,0.0,0.0
980001.0,9800.01,79,10.0,6.0,3.0,4.0,3.0,4.0,2.0,8.0,5.0,2.0
980008.0,9800.08,1345,124.0,61.0,104.0,41.0,105.0,77.0,59.0,72.0,52.0,61.0
980009.0,9800.09,1757,51.0,100.0,759.0,25.0,131.0,36.0,98.0,62.0,32.0,63.0
980010.0,9800.1,847,43.0,152.0,108.0,4.0,44.0,18.0,50.0,29.0,29.0,23.0
980013.0,9800.13,1,1.0,0.0,0.0,0.0,0.0,0.0,0.0,0.0,0.0,0.0
980014.0,9800.14,938,200.0,45.0,30.0,8.0,84.0,81.0,30.0,62.0,34.0,44.0
980015.0,9800.15,508,53.0,35.0,20.0,28.0,31.0,60.0,33.0,31.0,31.0,30.0
980016.0,9800.16,18,1.0,1.0,0.0,0.0,0.0,6.0,1.0,3.0,0.0,0.0
980017.0,9800.17,104,6.0,18.0,9.0,6.0,10.0,10.0,7.0,2.0,1.0,7.0
980019.0,9800.19,120,7.0,5.0,33.0,8.0,7.0,6.0,6.0,1.0,2.0,7.0
980020.0,9800.2,76,9.0,1.0,51.0,0.0,5.0,0.0,0.0,0.0,1.0,1.0
980021.0,9800.21,383,56.0,22.0,20.0,31.0,39.0,8.0,13.0,28.0,22.0,17.0
980022.0,9800.22,93,7.0,3.0,4.0,8.0,8.0,7.0,2.0,2.0,3.0,7.0
980023.0,9800.23,54,4.0,3.0,4.0,9.0,0.0,1.0,3.0,1.0,1.0,1.0
980024.0,9800.24,1152,71.0,94.0,187.0,30.0,73.0,44.0,50.0,98.0,30.0,67.0
980026.0,9800.26,72,7.0,8.0,10.0,8.0,2.0,7.0,1.0,3.0,2.0,4.0
980028.0,9800.28,8901,929.0,568.0,301.0,40.0,332.0,134.0,1425.0,139.0,190.0,227.0
980031.0,9800.31,1311,144.0,42.0,60.0,14.0,175.0,58.0,58.0,50.0,38.0,37.0
980038.0,9800.38,27,1.0,6.0,7.0,0.0,1.0,0.0,0.0,3.0,1.0,1.0
980039.0,9800.39,237,5.0,33.0,6.0,3.0,17.0,0.0,10.0,10.0,1.0,2.0
